playlist_id,user_id,name,description,is_public,created_at,updated_at
1,1,Party Playlist #1,A curated playlist by masonjoh1,True,2020-03-31 05:37:54,2020-03-31 05:37:54
2,1,My Favorites #2,A curated playlist by masonjoh1,True,2021-02-13 12:27:54,2021-02-13 12:27:54
3,2,Study Session #3,A curated playlist by carloswil2,True,2022-07-08 15:44:27,2022-07-08 15:44:27
4,2,New Discoveries #4,A curated playlist by carloswil2,False,2024-12-11 17:50:47,2024-12-11 17:50:47
5,2,Workout Mix #5,A curated playlist by carloswil2,True,2020-02-20 21:47:35,2020-02-20 21:47:35
6,2,Chill Vibes #6,A curated playlist by carloswil2,False,2021-05-21 13:27:41,2021-05-21 13:27:41
7,2,Road Trip #7,A curated playlist by carloswil2,True,2021-02-15 08:39:53,2021-02-15 08:39:53
8,3,Study Session #8,A curated playlist by elizabethriv3,False,2020-06-30 17:18:27,2020-06-30 17:18:27
9,3,Focus Time #9,A curated playlist by elizabethriv3,True,2023-07-08 23:17:32,2023-07-08 23:17:32
10,3,Focus Time #10,A curated playlist by elizabethriv3,False,2025-08-14 06:27:52,2025-08-14 06:27:52
11,4,Mood Boost #11,A curated playlist by henryhal349,True,2020-11-11 15:07:14,2020-11-11 15:07:14
12,4,Top Hits #12,A curated playlist by henryhal349,False,2025-06-18 05:23:20,2025-06-18 05:23:20
13,4,Morning Coffee #13,A curated playlist by henryhal349,True,2024-03-18 12:12:35,2024-03-18 12:12:35
14,4,Workout Mix #14,A curated playlist by henryhal349,False,2023-07-10 00:06:36,2023-07-10 00:06:36
15,5,Focus Time #15,A curated playlist by miahar368,True,2021-07-22 04:16:39,2021-07-22 04:16:39
16,5,Late Night #16,A curated playlist by miahar368,True,2020-06-04 11:43:59,2020-06-04 11:43:59
17,5,Running Mix #17,A curated playlist by miahar368,True,2025-06-10 20:20:43,2025-06-10 20:20:43
18,5,Mood Boost #18,A curated playlist by miahar368,True,2024-07-25 20:25:09,2024-07-25 20:25:09
19,5,New Discoveries #19,A curated playlist by miahar368,False,2021-04-23 17:29:49,2021-04-23 17:29:49
20,6,Chill Vibes #20,A curated playlist by kenjidav_fan,True,2025-05-07 23:50:46,2025-05-07 23:50:46
21,6,Mood Boost #21,A curated playlist by kenjidav_fan,True,2024-04-20 10:22:46,2024-04-20 10:22:46
22,6,Chill Vibes #22,A curated playlist by kenjidav_fan,True,2021-07-12 20:43:45,2021-07-12 20:43:45
23,6,My Favorites #23,A curated playlist by kenjidav_fan,False,2025-02-03 09:33:21,2025-02-03 09:33:21
24,7,Late Night #24,A curated playlist by jackriv7,False,2023-04-12 00:21:51,2023-04-12 00:21:51
25,7,Throwback #25,A curated playlist by jackriv7,True,2022-05-25 08:36:36,2022-05-25 08:36:36
26,7,Throwback #26,A curated playlist by jackriv7,False,2024-04-24 14:35:40,2024-04-24 14:35:40
27,8,Study Session #27,A curated playlist by lucashar465,True,2022-02-07 15:53:08,2022-02-07 15:53:08
28,8,Party Playlist #28,A curated playlist by lucashar465,True,2025-05-02 15:30:01,2025-05-02 15:30:01
29,9,New Discoveries #29,A curated playlist by nathanhal9,True,2020-08-25 02:01:18,2020-08-25 02:01:18
30,9,Chill Vibes #30,A curated playlist by nathanhal9,True,2020-11-05 20:23:03,2020-11-05 20:23:03
31,9,My Favorites #31,A curated playlist by nathanhal9,True,2020-09-24 01:05:45,2020-09-24 01:05:45
32,9,Study Session #32,A curated playlist by nathanhal9,False,2024-07-07 11:57:19,2024-07-07 11:57:19
33,9,Party Playlist #33,A curated playlist by nathanhal9,False,2020-05-10 09:02:07,2020-05-10 09:02:07
34,10,Running Mix #34,A curated playlist by natashahar_fan,True,2025-11-08 15:50:37,2025-11-08 15:50:37
35,10,My Favorites #35,A curated playlist by natashahar_fan,False,2025-03-23 05:22:52,2025-03-23 05:22:52
36,10,Study Session #36,A curated playlist by natashahar_fan,True,2020-08-17 16:54:43,2020-08-17 16:54:43
37,11,Throwback #37,A curated playlist by averysin825,True,2022-06-24 04:29:04,2022-06-24 04:29:04
38,11,Focus Time #38,A curated playlist by averysin825,True,2025-05-09 02:28:54,2025-05-09 02:28:54
39,11,Chill Vibes #39,A curated playlist by averysin825,True,2025-02-01 17:48:53,2025-02-01 17:48:53
40,11,Relaxation #40,A curated playlist by averysin825,False,2020-11-17 18:39:53,2020-11-17 18:39:53
41,12,Throwback #41,A curated playlist by lukewil_music,True,2022-02-21 08:59:48,2022-02-21 08:59:48
42,12,Relaxation #42,A curated playlist by lukewil_music,True,2021-07-07 15:45:49,2021-07-07 15:45:49
43,12,Study Session #43,A curated playlist by lukewil_music,True,2020-12-05 20:51:23,2020-12-05 20:51:23
44,12,Chill Vibes #44,A curated playlist by lukewil_music,True,2021-06-20 10:43:23,2021-06-20 10:43:23
45,12,Late Night #45,A curated playlist by lukewil_music,False,2024-03-09 07:19:40,2024-03-09 07:19:40
46,13,Party Playlist #46,A curated playlist by kenjitay_fan,False,2022-02-15 00:27:00,2022-02-15 00:27:00
47,13,Chill Vibes #47,A curated playlist by kenjitay_fan,True,2023-11-12 18:46:52,2023-11-12 18:46:52
48,13,Morning Coffee #48,A curated playlist by kenjitay_fan,True,2020-03-07 16:28:22,2020-03-07 16:28:22
49,14,Workout Mix #49,A curated playlist by luciayou,True,2021-03-24 10:55:00,2021-03-24 10:55:00
50,14,Late Night #50,A curated playlist by luciayou,False,2021-07-01 06:30:53,2021-07-01 06:30:53
51,15,New Discoveries #51,A curated playlist by carloshil_music,True,2025-10-29 12:41:59,2025-10-29 12:41:59
52,15,Focus Time #52,A curated playlist by carloshil_music,False,2025-01-10 11:48:16,2025-01-10 11:48:16
53,15,Mood Boost #53,A curated playlist by carloshil_music,True,2023-04-03 09:16:39,2023-04-03 09:16:39
54,16,Throwback #54,A curated playlist by emmabak_fan,False,2020-01-05 16:25:26,2020-01-05 16:25:26
55,16,Party Playlist #55,A curated playlist by emmabak_fan,True,2021-08-30 09:41:12,2021-08-30 09:41:12
56,17,Study Session #56,A curated playlist by masonjac_music,True,2022-07-27 09:52:40,2022-07-27 09:52:40
57,17,Running Mix #57,A curated playlist by masonjac_music,False,2022-08-04 18:33:31,2022-08-04 18:33:31
58,17,Running Mix #58,A curated playlist by masonjac_music,False,2024-03-30 15:16:35,2024-03-30 15:16:35
59,18,My Favorites #59,A curated playlist by giovannimue892,True,2022-10-24 02:50:50,2022-10-24 02:50:50
60,18,My Favorites #60,A curated playlist by giovannimue892,True,2023-12-14 12:56:46,2023-12-14 12:56:46
61,18,Mood Boost #61,A curated playlist by giovannimue892,True,2020-02-02 01:50:33,2020-02-02 01:50:33
62,18,Top Hits #62,A curated playlist by giovannimue892,True,2025-03-22 03:56:54,2025-03-22 03:56:54
63,18,Top Hits #63,A curated playlist by giovannimue892,True,2024-04-25 16:57:41,2024-04-25 16:57:41
64,19,New Discoveries #64,A curated playlist by evelynwhi_fan,True,2025-03-16 15:48:05,2025-03-16 15:48:05
65,20,Study Session #65,A curated playlist by liamdav900,True,2025-10-19 11:59:13,2025-10-19 11:59:13
66,20,Relaxation #66,A curated playlist by liamdav900,False,2022-03-10 15:32:36,2022-03-10 15:32:36
67,21,Late Night #67,A curated playlist by elijahcam,False,2023-05-19 05:55:24,2023-05-19 05:55:24
68,21,Party Playlist #68,A curated playlist by elijahcam,True,2025-08-06 03:00:44,2025-08-06 03:00:44
69,22,Late Night #69,A curated playlist by pierresco_fan,True,2022-09-10 10:22:00,2022-09-10 10:22:00
70,22,Chill Vibes #70,A curated playlist by pierresco_fan,True,2022-04-12 16:05:04,2022-04-12 16:05:04
71,22,Study Session #71,A curated playlist by pierresco_fan,True,2024-03-27 06:10:40,2024-03-27 06:10:40
72,22,Chill Vibes #72,A curated playlist by pierresco_fan,True,2021-06-13 17:07:47,2021-06-13 17:07:47
73,22,Chill Vibes #73,A curated playlist by pierresco_fan,True,2024-10-28 08:23:06,2024-10-28 08:23:06
74,23,Focus Time #74,A curated playlist by victoriasan_fan,True,2020-09-07 06:29:50,2020-09-07 06:29:50
75,23,Running Mix #75,A curated playlist by victoriasan_fan,True,2022-12-21 04:55:34,2022-12-21 04:55:34
76,23,New Discoveries #76,A curated playlist by victoriasan_fan,False,2021-03-16 10:22:59,2021-03-16 10:22:59
77,23,My Favorites #77,A curated playlist by victoriasan_fan,False,2021-02-19 18:26:02,2021-02-19 18:26:02
78,24,Throwback #78,A curated playlist by oliverper_fan,True,2024-11-14 07:57:05,2024-11-14 07:57:05
79,24,Relaxation #79,A curated playlist by oliverper_fan,True,2021-04-13 20:37:06,2021-04-13 20:37:06
80,24,Workout Mix #80,A curated playlist by oliverper_fan,True,2020-12-29 14:03:44,2020-12-29 14:03:44
81,25,My Favorites #81,A curated playlist by isabellariv,True,2021-11-09 10:34:18,2021-11-09 10:34:18
82,25,Morning Coffee #82,A curated playlist by isabellariv,True,2025-01-11 10:54:12,2025-01-11 10:54:12
83,25,Throwback #83,A curated playlist by isabellariv,False,2025-08-27 14:06:09,2025-08-27 14:06:09
84,25,Party Playlist #84,A curated playlist by isabellariv,True,2023-06-03 15:56:07,2023-06-03 15:56:07
85,26,Top Hits #85,A curated playlist by gracenel_fan,False,2023-12-10 08:05:24,2023-12-10 08:05:24
86,26,Top Hits #86,A curated playlist by gracenel_fan,True,2021-04-23 23:41:52,2021-04-23 23:41:52
87,27,Throwback #87,A curated playlist by ellapat_music,True,2025-04-17 19:13:18,2025-04-17 19:13:18
88,27,New Discoveries #88,A curated playlist by ellapat_music,True,2025-08-25 05:24:59,2025-08-25 05:24:59
89,28,Late Night #89,A curated playlist by lilyram,True,2023-09-02 12:19:17,2023-09-02 12:19:17
90,29,Road Trip #90,A curated playlist by sophiasan,False,2025-08-22 15:09:23,2025-08-22 15:09:23
91,29,My Favorites #91,A curated playlist by sophiasan,False,2024-05-17 02:21:38,2024-05-17 02:21:38
92,29,Running Mix #92,A curated playlist by sophiasan,True,2025-09-08 23:04:16,2025-09-08 23:04:16
93,30,Party Playlist #93,A curated playlist by harperram_music,False,2021-08-27 09:20:21,2021-08-27 09:20:21
94,31,Top Hits #94,A curated playlist by williamada,False,2021-11-23 22:43:01,2021-11-23 22:43:01
95,32,Road Trip #95,A curated playlist by weiyou_music,False,2020-05-15 11:45:07,2020-05-15 11:45:07
96,33,Throwback #96,A curated playlist by zoeytay_music,True,2021-11-28 08:10:12,2021-11-28 08:10:12
97,33,Mood Boost #97,A curated playlist by zoeytay_music,False,2020-07-18 13:30:37,2020-07-18 13:30:37
98,33,Chill Vibes #98,A curated playlist by zoeytay_music,True,2020-09-17 01:43:04,2020-09-17 01:43:04
99,33,Mood Boost #99,A curated playlist by zoeytay_music,True,2020-10-20 04:04:54,2020-10-20 04:04:54
100,33,Morning Coffee #100,A curated playlist by zoeytay_music,False,2020-08-24 23:03:42,2020-08-24 23:03:42
101,34,Top Hits #101,A curated playlist by evelyngon,True,2024-05-07 17:53:57,2024-05-07 17:53:57
102,34,Running Mix #102,A curated playlist by evelyngon,True,2023-03-03 06:49:43,2023-03-03 06:49:43
103,34,Running Mix #103,A curated playlist by evelyngon,True,2023-09-14 20:46:33,2023-09-14 20:46:33
104,35,Late Night #104,A curated playlist by lukebro_music,True,2024-03-31 21:40:58,2024-03-31 21:40:58
105,35,Workout Mix #105,A curated playlist by lukebro_music,False,2020-01-27 05:02:28,2020-01-27 05:02:28
106,35,Running Mix #106,A curated playlist by lukebro_music,True,2020-12-06 22:27:18,2020-12-06 22:27:18
107,35,Running Mix #107,A curated playlist by lukebro_music,False,2022-03-25 10:51:51,2022-03-25 10:51:51
108,35,Late Night #108,A curated playlist by lukebro_music,True,2020-06-30 17:09:16,2020-06-30 17:09:16
109,36,Mood Boost #109,A curated playlist by luciagar_fan,False,2021-02-18 23:20:39,2021-02-18 23:20:39
110,36,My Favorites #110,A curated playlist by luciagar_fan,True,2020-01-03 23:34:56,2020-01-03 23:34:56
111,36,Relaxation #111,A curated playlist by luciagar_fan,False,2021-07-05 23:23:28,2021-07-05 23:23:28
112,37,Top Hits #112,A curated playlist by ameliatan_fan,False,2023-10-06 00:06:54,2023-10-06 00:06:54
113,37,Party Playlist #113,A curated playlist by ameliatan_fan,True,2024-02-01 16:19:04,2024-02-01 16:19:04
114,37,Morning Coffee #114,A curated playlist by ameliatan_fan,False,2024-06-06 00:14:38,2024-06-06 00:14:38
115,37,Top Hits #115,A curated playlist by ameliatan_fan,True,2023-04-19 14:15:32,2023-04-19 14:15:32
116,38,Throwback #116,A curated playlist by yukinel_fan,True,2023-05-25 13:39:06,2023-05-25 13:39:06
117,38,Relaxation #117,A curated playlist by yukinel_fan,True,2021-01-03 22:47:15,2021-01-03 22:47:15
118,38,Party Playlist #118,A curated playlist by yukinel_fan,True,2021-02-05 17:23:40,2021-02-05 17:23:40
119,39,Relaxation #119,A curated playlist by samueltay135,True,2020-12-13 07:53:40,2020-12-13 07:53:40
120,39,New Discoveries #120,A curated playlist by samueltay135,True,2023-09-16 23:22:05,2023-09-16 23:22:05
121,40,Party Playlist #121,A curated playlist by ivanflo,True,2020-08-21 08:08:20,2020-08-21 08:08:20
122,40,Road Trip #122,A curated playlist by ivanflo,False,2020-02-23 03:38:47,2020-02-23 03:38:47
123,41,Road Trip #123,A curated playlist by ethansch,True,2020-05-21 06:38:53,2020-05-21 06:38:53
124,42,Running Mix #124,A curated playlist by ahmedche721,True,2022-02-24 20:14:55,2022-02-24 20:14:55
125,42,Road Trip #125,A curated playlist by ahmedche721,False,2020-12-16 08:35:02,2020-12-16 08:35:02
126,42,Running Mix #126,A curated playlist by ahmedche721,False,2024-02-17 16:46:39,2024-02-17 16:46:39
127,42,Mood Boost #127,A curated playlist by ahmedche721,True,2025-12-14 21:06:45,2025-12-14 21:06:45
128,42,Study Session #128,A curated playlist by ahmedche721,False,2020-10-06 18:26:09,2020-10-06 18:26:09
129,43,Mood Boost #129,A curated playlist by dylansch43,True,2021-04-21 16:08:26,2021-04-21 16:08:26
130,43,Relaxation #130,A curated playlist by dylansch43,False,2025-01-01 05:57:57,2025-01-01 05:57:57
131,43,Road Trip #131,A curated playlist by dylansch43,False,2025-03-19 10:04:36,2025-03-19 10:04:36
132,43,Running Mix #132,A curated playlist by dylansch43,True,2025-11-15 18:56:47,2025-11-15 18:56:47
133,44,Throwback #133,A curated playlist by nathanjac216,True,2024-05-14 23:17:55,2024-05-14 23:17:55
134,44,Throwback #134,A curated playlist by nathanjac216,False,2020-12-10 12:49:51,2020-12-10 12:49:51
135,45,Party Playlist #135,A curated playlist by giovanniyou,True,2020-06-26 03:12:06,2020-06-26 03:12:06
136,46,My Favorites #136,A curated playlist by avasmi46,False,2023-06-27 06:29:38,2023-06-27 06:29:38
137,46,Throwback #137,A curated playlist by avasmi46,True,2025-11-08 03:04:59,2025-11-08 03:04:59
138,46,My Favorites #138,A curated playlist by avasmi46,True,2020-01-07 14:53:43,2020-01-07 14:53:43
139,46,Focus Time #139,A curated playlist by avasmi46,True,2022-12-16 16:29:47,2022-12-16 16:29:47
140,47,Morning Coffee #140,A curated playlist by carlossco,True,2024-08-02 08:45:02,2024-08-02 08:45:02
141,47,Late Night #141,A curated playlist by carlossco,True,2024-08-17 01:28:45,2024-08-17 01:28:45
142,48,Morning Coffee #142,A curated playlist by aubreyngu_music,False,2020-01-12 22:59:26,2020-01-12 22:59:26
143,49,New Discoveries #143,A curated playlist by avayam49,True,2022-10-11 19:51:14,2022-10-11 19:51:14
144,50,Focus Time #144,A curated playlist by evelynsch50,False,2022-01-28 22:13:29,2022-01-28 22:13:29
145,50,Running Mix #145,A curated playlist by evelynsch50,False,2021-12-30 22:38:35,2021-12-30 22:38:35
146,50,Focus Time #146,A curated playlist by evelynsch50,True,2020-01-06 22:29:39,2020-01-06 22:29:39
147,51,Chill Vibes #147,A curated playlist by sebastianmit_music,True,2025-11-10 23:56:59,2025-11-10 23:56:59
148,51,Chill Vibes #148,A curated playlist by sebastianmit_music,False,2025-03-28 16:08:49,2025-03-28 16:08:49
149,51,New Discoveries #149,A curated playlist by sebastianmit_music,False,2024-10-20 00:17:22,2024-10-20 00:17:22
150,51,My Favorites #150,A curated playlist by sebastianmit_music,True,2020-07-13 00:26:35,2020-07-13 00:26:35
151,51,Running Mix #151,A curated playlist by sebastianmit_music,False,2023-05-21 21:03:09,2023-05-21 21:03:09
152,52,Mood Boost #152,A curated playlist by henrypat,True,2021-05-24 13:46:38,2021-05-24 13:46:38
153,52,Focus Time #153,A curated playlist by henrypat,True,2023-09-17 01:31:54,2023-09-17 01:31:54
154,52,Chill Vibes #154,A curated playlist by henrypat,False,2021-12-06 16:40:04,2021-12-06 16:40:04
155,52,Focus Time #155,A curated playlist by henrypat,False,2021-10-04 12:48:21,2021-10-04 12:48:21
156,53,Top Hits #156,A curated playlist by ivantho53,True,2023-04-12 06:51:43,2023-04-12 06:51:43
157,53,Mood Boost #157,A curated playlist by ivantho53,True,2021-10-28 09:32:43,2021-10-28 09:32:43
158,53,Focus Time #158,A curated playlist by ivantho53,False,2023-06-20 02:04:35,2023-06-20 02:04:35
159,53,Running Mix #159,A curated playlist by ivantho53,True,2020-09-15 19:25:53,2020-09-15 19:25:53
160,53,Workout Mix #160,A curated playlist by ivantho53,False,2025-05-26 21:00:45,2025-05-26 21:00:45
161,54,Chill Vibes #161,A curated playlist by priyaper,True,2023-06-04 11:51:49,2023-06-04 11:51:49
162,54,Workout Mix #162,A curated playlist by priyaper,True,2023-11-14 05:59:52,2023-11-14 05:59:52
163,54,Running Mix #163,A curated playlist by priyaper,True,2023-09-10 13:22:13,2023-09-10 13:22:13
164,54,My Favorites #164,A curated playlist by priyaper,True,2020-12-03 14:17:21,2020-12-03 14:17:21
165,54,Chill Vibes #165,A curated playlist by priyaper,False,2021-08-12 21:52:35,2021-08-12 21:52:35
166,55,Party Playlist #166,A curated playlist by kenjiper119,True,2021-05-02 07:40:44,2021-05-02 07:40:44
167,55,Chill Vibes #167,A curated playlist by kenjiper119,True,2025-03-06 09:27:53,2025-03-06 09:27:53
168,55,Running Mix #168,A curated playlist by kenjiper119,False,2025-09-22 00:31:23,2025-09-22 00:31:23
169,55,Morning Coffee #169,A curated playlist by kenjiper119,True,2021-11-26 08:09:59,2021-11-26 08:09:59
170,55,Throwback #170,A curated playlist by kenjiper119,False,2023-12-03 13:06:32,2023-12-03 13:06:32
171,56,Study Session #171,A curated playlist by charlottehil354,True,2024-06-29 13:00:08,2024-06-29 13:00:08
172,57,Focus Time #172,A curated playlist by zoeyyam195,True,2023-06-15 14:04:27,2023-06-15 14:04:27
173,58,Workout Mix #173,A curated playlist by miguelsch58,False,2023-04-13 03:36:27,2023-04-13 03:36:27
174,58,Late Night #174,A curated playlist by miguelsch58,False,2020-05-14 23:46:26,2020-05-14 23:46:26
175,58,Mood Boost #175,A curated playlist by miguelsch58,False,2023-02-24 06:39:11,2023-02-24 06:39:11
176,58,My Favorites #176,A curated playlist by miguelsch58,False,2021-06-03 00:00:47,2021-06-03 00:00:47
177,59,Workout Mix #177,A curated playlist by lukenel738,False,2024-06-11 19:21:38,2024-06-11 19:21:38
178,59,Party Playlist #178,A curated playlist by lukenel738,True,2022-04-07 16:18:05,2022-04-07 16:18:05
179,59,Chill Vibes #179,A curated playlist by lukenel738,True,2025-04-13 21:47:09,2025-04-13 21:47:09
180,59,Study Session #180,A curated playlist by lukenel738,True,2025-02-27 22:44:29,2025-02-27 22:44:29
181,59,Study Session #181,A curated playlist by lukenel738,False,2020-12-28 19:39:52,2020-12-28 19:39:52
182,60,Relaxation #182,A curated playlist by rileysan60,True,2022-12-30 16:37:11,2022-12-30 16:37:11
183,61,Top Hits #183,A curated playlist by sebastianflo_music,True,2024-07-14 17:19:52,2024-07-14 17:19:52
184,61,Throwback #184,A curated playlist by sebastianflo_music,True,2024-08-07 21:12:34,2024-08-07 21:12:34
185,61,Top Hits #185,A curated playlist by sebastianflo_music,True,2022-12-23 05:40:47,2022-12-23 05:40:47
186,61,Throwback #186,A curated playlist by sebastianflo_music,False,2021-07-07 15:11:16,2021-07-07 15:11:16
187,61,Throwback #187,A curated playlist by sebastianflo_music,False,2020-02-21 16:29:32,2020-02-21 16:29:32
188,62,Late Night #188,A curated playlist by aidenram622,True,2025-12-19 11:16:24,2025-12-19 11:16:24
189,62,Throwback #189,A curated playlist by aidenram622,True,2023-02-19 07:44:58,2023-02-19 07:44:58
190,63,New Discoveries #190,A curated playlist by luciawal,True,2023-04-09 12:19:32,2023-04-09 12:19:32
191,63,Mood Boost #191,A curated playlist by luciawal,True,2025-03-15 06:51:09,2025-03-15 06:51:09
192,63,Mood Boost #192,A curated playlist by luciawal,True,2024-11-20 16:10:42,2024-11-20 16:10:42
193,63,Morning Coffee #193,A curated playlist by luciawal,True,2021-03-05 21:18:10,2021-03-05 21:18:10
194,63,Road Trip #194,A curated playlist by luciawal,False,2021-09-26 05:46:59,2021-09-26 05:46:59
195,64,Relaxation #195,A curated playlist by miasin689,True,2025-01-16 22:27:14,2025-01-16 22:27:14
196,64,Morning Coffee #196,A curated playlist by miasin689,True,2022-12-02 23:53:30,2022-12-02 23:53:30
197,64,Road Trip #197,A curated playlist by miasin689,False,2025-02-14 10:01:18,2025-02-14 10:01:18
198,64,Top Hits #198,A curated playlist by miasin689,False,2023-09-13 23:31:55,2023-09-13 23:31:55
199,64,New Discoveries #199,A curated playlist by miasin689,True,2020-01-29 01:30:32,2020-01-29 01:30:32
200,65,Relaxation #200,A curated playlist by avatho,False,2021-02-28 02:27:09,2021-02-28 02:27:09
201,65,Study Session #201,A curated playlist by avatho,True,2020-03-10 19:50:36,2020-03-10 19:50:36
202,65,Study Session #202,A curated playlist by avatho,True,2025-05-03 06:27:09,2025-05-03 06:27:09
203,66,Late Night #203,A curated playlist by zoeyyou66,False,2023-07-04 01:22:27,2023-07-04 01:22:27
204,66,Workout Mix #204,A curated playlist by zoeyyou66,True,2022-08-04 02:07:13,2022-08-04 02:07:13
205,66,Relaxation #205,A curated playlist by zoeyyou66,True,2024-11-18 15:34:26,2024-11-18 15:34:26
206,66,My Favorites #206,A curated playlist by zoeyyou66,False,2024-02-14 01:48:35,2024-02-14 01:48:35
207,66,Running Mix #207,A curated playlist by zoeyyou66,False,2020-01-12 22:52:15,2020-01-12 22:52:15
208,67,Top Hits #208,A curated playlist by carlosand_fan,False,2022-08-11 19:05:46,2022-08-11 19:05:46
209,67,Road Trip #209,A curated playlist by carlosand_fan,False,2024-03-27 07:50:50,2024-03-27 07:50:50
210,67,Top Hits #210,A curated playlist by carlosand_fan,False,2022-12-29 10:47:49,2022-12-29 10:47:49
211,67,Road Trip #211,A curated playlist by carlosand_fan,True,2024-11-08 23:14:55,2024-11-08 23:14:55
212,68,Running Mix #212,A curated playlist by ameliarob_music,True,2020-08-21 20:23:11,2020-08-21 20:23:11
213,68,New Discoveries #213,A curated playlist by ameliarob_music,False,2025-03-04 19:20:42,2025-03-04 19:20:42
214,68,Workout Mix #214,A curated playlist by ameliarob_music,True,2022-07-28 02:48:31,2022-07-28 02:48:31
215,69,Road Trip #215,A curated playlist by ahmedflo_fan,True,2022-01-23 12:29:12,2022-01-23 12:29:12
216,69,Top Hits #216,A curated playlist by ahmedflo_fan,True,2024-05-31 10:30:59,2024-05-31 10:30:59
217,69,Late Night #217,A curated playlist by ahmedflo_fan,False,2021-10-02 19:42:08,2021-10-02 19:42:08
218,69,Running Mix #218,A curated playlist by ahmedflo_fan,False,2024-12-11 17:38:40,2024-12-11 17:38:40
219,70,Road Trip #219,A curated playlist by scarlettcar861,False,2023-03-29 04:02:42,2023-03-29 04:02:42
220,71,Road Trip #220,A curated playlist by samuelmoo80,True,2020-03-27 20:25:46,2020-03-27 20:25:46
221,71,My Favorites #221,A curated playlist by samuelmoo80,False,2022-09-08 21:26:03,2022-09-08 21:26:03
222,71,Top Hits #222,A curated playlist by samuelmoo80,False,2021-06-01 19:27:53,2021-06-01 19:27:53
223,71,New Discoveries #223,A curated playlist by samuelmoo80,True,2024-05-18 08:00:29,2024-05-18 08:00:29
224,71,Morning Coffee #224,A curated playlist by samuelmoo80,True,2020-01-31 19:08:57,2020-01-31 19:08:57
225,72,Chill Vibes #225,A curated playlist by sakuragar72,True,2020-04-07 13:16:54,2020-04-07 13:16:54
226,73,My Favorites #226,A curated playlist by olivercla_fan,True,2023-11-26 01:43:44,2023-11-26 01:43:44
227,73,Road Trip #227,A curated playlist by olivercla_fan,False,2023-05-28 10:10:32,2023-05-28 10:10:32
228,74,My Favorites #228,A curated playlist by yukihar,False,2020-07-09 03:53:29,2020-07-09 03:53:29
229,74,Road Trip #229,A curated playlist by yukihar,False,2021-07-10 13:45:29,2021-07-10 13:45:29
230,74,Morning Coffee #230,A curated playlist by yukihar,False,2022-02-23 23:53:38,2022-02-23 23:53:38
231,74,New Discoveries #231,A curated playlist by yukihar,True,2020-11-20 06:44:17,2020-11-20 06:44:17
232,74,Running Mix #232,A curated playlist by yukihar,False,2020-01-02 16:37:14,2020-01-02 16:37:14
233,75,Party Playlist #233,A curated playlist by sophiesmi_music,False,2024-09-22 00:24:03,2024-09-22 00:24:03
234,75,Morning Coffee #234,A curated playlist by sophiesmi_music,True,2020-05-07 20:17:33,2020-05-07 20:17:33
235,75,Top Hits #235,A curated playlist by sophiesmi_music,False,2022-08-05 23:29:26,2022-08-05 23:29:26
236,75,Party Playlist #236,A curated playlist by sophiesmi_music,False,2024-09-08 02:24:06,2024-09-08 02:24:06
237,75,Throwback #237,A curated playlist by sophiesmi_music,True,2025-01-22 14:44:35,2025-01-22 14:44:35
238,76,Running Mix #238,A curated playlist by hansand_music,True,2020-11-25 06:54:42,2020-11-25 06:54:42
239,76,Mood Boost #239,A curated playlist by hansand_music,True,2023-07-16 10:45:49,2023-07-16 10:45:49
240,76,Chill Vibes #240,A curated playlist by hansand_music,True,2020-02-15 06:20:06,2020-02-15 06:20:06
241,77,My Favorites #241,A curated playlist by abigailche77,True,2020-02-09 12:52:19,2020-02-09 12:52:19
242,77,My Favorites #242,A curated playlist by abigailche77,False,2021-10-23 07:32:58,2021-10-23 07:32:58
243,77,Throwback #243,A curated playlist by abigailche77,True,2022-12-07 14:36:30,2022-12-07 14:36:30
244,78,Relaxation #244,A curated playlist by oliviagar_music,False,2020-11-12 08:26:12,2020-11-12 08:26:12
245,78,Top Hits #245,A curated playlist by oliviagar_music,True,2023-01-10 17:09:12,2023-01-10 17:09:12
246,78,Focus Time #246,A curated playlist by oliviagar_music,True,2020-02-23 17:02:29,2020-02-23 17:02:29
247,78,Road Trip #247,A curated playlist by oliviagar_music,True,2023-04-18 14:49:45,2023-04-18 14:49:45
248,79,New Discoveries #248,A curated playlist by rileywil335,False,2022-03-22 01:59:15,2022-03-22 01:59:15
249,79,Mood Boost #249,A curated playlist by rileywil335,True,2021-08-18 05:22:53,2021-08-18 05:22:53
250,79,Top Hits #250,A curated playlist by rileywil335,True,2024-08-08 22:53:57,2024-08-08 22:53:57
251,79,Study Session #251,A curated playlist by rileywil335,False,2023-09-04 03:44:53,2023-09-04 03:44:53
252,79,Running Mix #252,A curated playlist by rileywil335,True,2020-06-09 21:28:02,2020-06-09 21:28:02
253,80,Workout Mix #253,A curated playlist by ryanche,False,2025-07-23 18:00:49,2025-07-23 18:00:49
254,81,Late Night #254,A curated playlist by owenada,False,2021-05-18 07:15:31,2021-05-18 07:15:31
255,81,My Favorites #255,A curated playlist by owenada,True,2020-04-18 11:47:04,2020-04-18 11:47:04
256,81,New Discoveries #256,A curated playlist by owenada,True,2025-05-14 12:30:50,2025-05-14 12:30:50
257,81,Morning Coffee #257,A curated playlist by owenada,False,2023-08-21 21:37:16,2023-08-21 21:37:16
258,82,Party Playlist #258,A curated playlist by liamflo82,True,2020-05-27 21:43:09,2020-05-27 21:43:09
259,83,Road Trip #259,A curated playlist by natashahal786,True,2022-07-30 10:31:03,2022-07-30 10:31:03
260,83,Relaxation #260,A curated playlist by natashahal786,True,2025-02-11 15:35:05,2025-02-11 15:35:05
261,83,Study Session #261,A curated playlist by natashahal786,True,2023-05-07 05:37:55,2023-05-07 05:37:55
262,84,Running Mix #262,A curated playlist by henrymar,True,2023-08-03 22:05:13,2023-08-03 22:05:13
263,84,Chill Vibes #263,A curated playlist by henrymar,True,2023-03-08 16:15:24,2023-03-08 16:15:24
264,84,Late Night #264,A curated playlist by henrymar,True,2020-04-29 23:40:06,2020-04-29 23:40:06
265,85,Morning Coffee #265,A curated playlist by rajriv_fan,True,2020-12-28 23:24:46,2020-12-28 23:24:46
266,85,Relaxation #266,A curated playlist by rajriv_fan,True,2025-03-14 04:28:36,2025-03-14 04:28:36
267,86,Morning Coffee #267,A curated playlist by dylanwan,True,2021-03-01 10:01:06,2021-03-01 10:01:06
268,86,Chill Vibes #268,A curated playlist by dylanwan,True,2021-07-07 20:03:40,2021-07-07 20:03:40
269,86,Relaxation #269,A curated playlist by dylanwan,True,2021-01-23 00:02:22,2021-01-23 00:02:22
270,86,Party Playlist #270,A curated playlist by dylanwan,True,2022-10-27 19:41:57,2022-10-27 19:41:57
271,87,New Discoveries #271,A curated playlist by kenjiram_fan,True,2023-09-27 17:13:25,2023-09-27 17:13:25
272,87,Study Session #272,A curated playlist by kenjiram_fan,True,2022-03-14 12:05:23,2022-03-14 12:05:23
273,87,Focus Time #273,A curated playlist by kenjiram_fan,True,2024-02-01 13:14:36,2024-02-01 13:14:36
274,88,Road Trip #274,A curated playlist by hansmil984,False,2024-08-08 09:35:35,2024-08-08 09:35:35
275,88,Morning Coffee #275,A curated playlist by hansmil984,False,2022-10-08 20:29:00,2022-10-08 20:29:00
276,88,Relaxation #276,A curated playlist by hansmil984,True,2021-11-23 07:57:20,2021-11-23 07:57:20
277,89,Workout Mix #277,A curated playlist by sebastiancam989,True,2021-06-14 09:59:20,2021-06-14 09:59:20
278,89,Party Playlist #278,A curated playlist by sebastiancam989,True,2024-07-18 06:04:42,2024-07-18 06:04:42
279,89,Study Session #279,A curated playlist by sebastiancam989,True,2020-01-19 23:20:39,2020-01-19 23:20:39
280,90,Morning Coffee #280,A curated playlist by mariasin275,False,2022-06-12 03:18:22,2022-06-12 03:18:22
281,90,Party Playlist #281,A curated playlist by mariasin275,True,2022-12-16 06:15:12,2022-12-16 06:15:12
282,91,Mood Boost #282,A curated playlist by fatimatho_fan,False,2025-12-19 12:52:56,2025-12-19 12:52:56
283,91,My Favorites #283,A curated playlist by fatimatho_fan,False,2020-06-24 02:15:11,2020-06-24 02:15:11
284,92,Chill Vibes #284,A curated playlist by annawan_music,False,2023-05-10 07:35:07,2023-05-10 07:35:07
285,92,Workout Mix #285,A curated playlist by annawan_music,True,2021-07-28 06:17:12,2021-07-28 06:17:12
286,93,Focus Time #286,A curated playlist by gracetan719,False,2022-01-05 19:13:01,2022-01-05 19:13:01
287,93,Top Hits #287,A curated playlist by gracetan719,True,2021-03-20 20:45:02,2021-03-20 20:45:02
288,93,Chill Vibes #288,A curated playlist by gracetan719,True,2024-03-16 20:02:12,2024-03-16 20:02:12
289,93,Running Mix #289,A curated playlist by gracetan719,False,2022-04-21 00:51:02,2022-04-21 00:51:02
290,94,Relaxation #290,A curated playlist by elijahtho_fan,True,2022-02-04 11:28:54,2022-02-04 11:28:54
291,94,Morning Coffee #291,A curated playlist by elijahtho_fan,False,2024-09-22 10:52:50,2024-09-22 10:52:50
292,94,Morning Coffee #292,A curated playlist by elijahtho_fan,False,2025-09-28 11:36:32,2025-09-28 11:36:32
293,94,Chill Vibes #293,A curated playlist by elijahtho_fan,True,2022-10-05 21:10:39,2022-10-05 21:10:39
294,94,Top Hits #294,A curated playlist by elijahtho_fan,True,2024-12-20 20:11:35,2024-12-20 20:11:35
295,95,Mood Boost #295,A curated playlist by hanslew96,True,2025-10-17 15:00:44,2025-10-17 15:00:44
296,95,Throwback #296,A curated playlist by hanslew96,True,2021-03-10 18:54:51,2021-03-10 18:54:51
297,96,Workout Mix #297,A curated playlist by victorianel_music,False,2023-06-15 15:32:09,2023-06-15 15:32:09
298,97,Morning Coffee #298,A curated playlist by gabrieltho278,False,2024-02-29 01:23:16,2024-02-29 01:23:16
299,97,Study Session #299,A curated playlist by gabrieltho278,True,2020-09-18 01:59:03,2020-09-18 01:59:03
300,97,Morning Coffee #300,A curated playlist by gabrieltho278,True,2020-06-19 01:38:42,2020-06-19 01:38:42
301,98,My Favorites #301,A curated playlist by lukedav98,True,2025-06-01 06:11:04,2025-06-01 06:11:04
302,98,Relaxation #302,A curated playlist by lukedav98,True,2022-08-16 12:27:28,2022-08-16 12:27:28
303,98,Study Session #303,A curated playlist by lukedav98,True,2022-03-13 14:12:33,2022-03-13 14:12:33
304,98,Road Trip #304,A curated playlist by lukedav98,True,2022-08-12 14:41:29,2022-08-12 14:41:29
305,98,New Discoveries #305,A curated playlist by lukedav98,True,2021-12-16 13:59:03,2021-12-16 13:59:03
306,99,New Discoveries #306,A curated playlist by carmenhil99,True,2023-01-12 23:39:50,2023-01-12 23:39:50
307,99,Study Session #307,A curated playlist by carmenhil99,False,2022-07-13 11:54:49,2022-07-13 11:54:49
308,100,Mood Boost #308,A curated playlist by dylansmi130,True,2020-12-14 09:23:24,2020-12-14 09:23:24
309,100,Morning Coffee #309,A curated playlist by dylansmi130,False,2021-01-04 23:26:02,2021-01-04 23:26:02
310,100,Throwback #310,A curated playlist by dylansmi130,False,2022-07-21 22:31:07,2022-07-21 22:31:07
311,101,Road Trip #311,A curated playlist by ethangre,True,2021-09-11 15:14:05,2021-09-11 15:14:05
312,101,Party Playlist #312,A curated playlist by ethangre,True,2025-02-16 13:31:00,2025-02-16 13:31:00
313,101,Party Playlist #313,A curated playlist by ethangre,True,2022-11-01 17:52:19,2022-11-01 17:52:19
314,101,Running Mix #314,A curated playlist by ethangre,True,2024-05-05 05:00:08,2024-05-05 05:00:08
315,102,Workout Mix #315,A curated playlist by ahmedper,False,2021-08-29 13:49:50,2021-08-29 13:49:50
316,102,Late Night #316,A curated playlist by ahmedper,True,2021-11-07 14:20:59,2021-11-07 14:20:59
317,103,Party Playlist #317,A curated playlist by priyayou,True,2025-11-08 17:23:44,2025-11-08 17:23:44
318,104,Chill Vibes #318,A curated playlist by elijahtho_music,True,2025-02-09 20:30:55,2025-02-09 20:30:55
319,104,Running Mix #319,A curated playlist by elijahtho_music,True,2020-04-26 07:19:24,2020-04-26 07:19:24
320,104,Running Mix #320,A curated playlist by elijahtho_music,True,2024-04-21 04:09:09,2024-04-21 04:09:09
321,104,Workout Mix #321,A curated playlist by elijahtho_music,True,2024-09-25 23:14:22,2024-09-25 23:14:22
322,104,Study Session #322,A curated playlist by elijahtho_music,False,2021-06-24 20:57:49,2021-06-24 20:57:49
323,105,My Favorites #323,A curated playlist by miguelhar_music,True,2021-09-01 21:08:01,2021-09-01 21:08:01
324,105,Late Night #324,A curated playlist by miguelhar_music,True,2024-09-19 20:45:35,2024-09-19 20:45:35
325,105,Top Hits #325,A curated playlist by miguelhar_music,True,2022-09-08 16:24:29,2022-09-08 16:24:29
326,105,Chill Vibes #326,A curated playlist by miguelhar_music,True,2022-08-31 21:20:28,2022-08-31 21:20:28
327,106,Road Trip #327,A curated playlist by sophiaflo106,True,2025-11-18 10:41:09,2025-11-18 10:41:09
328,106,Mood Boost #328,A curated playlist by sophiaflo106,False,2022-10-12 01:36:57,2022-10-12 01:36:57
329,106,Focus Time #329,A curated playlist by sophiaflo106,True,2021-10-22 20:34:30,2021-10-22 20:34:30
330,106,Study Session #330,A curated playlist by sophiaflo106,False,2021-12-04 11:33:39,2021-12-04 11:33:39
331,107,Running Mix #331,A curated playlist by henrytho,False,2020-11-11 10:24:51,2020-11-11 10:24:51
332,108,Late Night #332,A curated playlist by pierrejac238,False,2023-01-11 19:12:47,2023-01-11 19:12:47
333,109,Road Trip #333,A curated playlist by isabellabak947,True,2021-08-07 01:39:50,2021-08-07 01:39:50
334,109,Study Session #334,A curated playlist by isabellabak947,True,2023-03-31 07:53:20,2023-03-31 07:53:20
335,109,Study Session #335,A curated playlist by isabellabak947,False,2024-01-28 19:03:25,2024-01-28 19:03:25
336,109,Focus Time #336,A curated playlist by isabellabak947,True,2023-03-23 04:49:26,2023-03-23 04:49:26
337,110,Relaxation #337,A curated playlist by carlosdav110,True,2023-05-19 23:02:21,2023-05-19 23:02:21
338,110,Party Playlist #338,A curated playlist by carlosdav110,True,2022-08-22 08:28:41,2022-08-22 08:28:41
339,110,Chill Vibes #339,A curated playlist by carlosdav110,False,2023-05-15 11:54:37,2023-05-15 11:54:37
340,110,Relaxation #340,A curated playlist by carlosdav110,True,2025-02-21 10:20:02,2025-02-21 10:20:02
341,110,Top Hits #341,A curated playlist by carlosdav110,True,2023-03-14 09:51:21,2023-03-14 09:51:21
342,111,My Favorites #342,A curated playlist by abigailpat_fan,False,2022-11-26 20:44:03,2022-11-26 20:44:03
343,111,Relaxation #343,A curated playlist by abigailpat_fan,False,2024-12-30 10:18:06,2024-12-30 10:18:06
344,111,Throwback #344,A curated playlist by abigailpat_fan,True,2020-03-31 01:53:07,2020-03-31 01:53:07
345,112,Running Mix #345,A curated playlist by dylanhal966,False,2020-05-29 19:51:28,2020-05-29 19:51:28
346,113,Study Session #346,A curated playlist by elijahhil_music,True,2022-11-23 05:26:19,2022-11-23 05:26:19
347,113,My Favorites #347,A curated playlist by elijahhil_music,False,2024-11-29 01:00:21,2024-11-29 01:00:21
348,113,Mood Boost #348,A curated playlist by elijahhil_music,False,2021-12-27 20:45:57,2021-12-27 20:45:57
349,113,Chill Vibes #349,A curated playlist by elijahhil_music,True,2022-11-23 12:37:14,2022-11-23 12:37:14
350,113,Workout Mix #350,A curated playlist by elijahhil_music,False,2025-12-28 02:18:27,2025-12-28 02:18:27
351,114,Top Hits #351,A curated playlist by oliviagar_fan,False,2023-06-26 13:53:47,2023-06-26 13:53:47
352,114,Focus Time #352,A curated playlist by oliviagar_fan,True,2022-06-21 13:56:56,2022-06-21 13:56:56
353,114,Top Hits #353,A curated playlist by oliviagar_fan,True,2021-06-12 19:07:12,2021-06-12 19:07:12
354,114,Road Trip #354,A curated playlist by oliviagar_fan,False,2023-04-26 06:15:02,2023-04-26 06:15:02
355,114,New Discoveries #355,A curated playlist by oliviagar_fan,False,2024-05-17 19:20:26,2024-05-17 19:20:26
356,115,New Discoveries #356,A curated playlist by avacar_fan,False,2025-04-07 22:51:48,2025-04-07 22:51:48
357,115,Throwback #357,A curated playlist by avacar_fan,True,2025-03-25 23:06:14,2025-03-25 23:06:14
358,115,Morning Coffee #358,A curated playlist by avacar_fan,True,2024-12-15 19:37:13,2024-12-15 19:37:13
359,116,Focus Time #359,A curated playlist by mariagre,True,2024-10-09 02:10:28,2024-10-09 02:10:28
360,116,Morning Coffee #360,A curated playlist by mariagre,False,2024-03-03 05:47:57,2024-03-03 05:47:57
361,117,New Discoveries #361,A curated playlist by rileynel117,False,2022-12-18 20:14:29,2022-12-18 20:14:29
362,117,Running Mix #362,A curated playlist by rileynel117,False,2021-01-27 18:26:22,2021-01-27 18:26:22
363,117,Mood Boost #363,A curated playlist by rileynel117,False,2020-12-11 08:49:49,2020-12-11 08:49:49
364,117,Chill Vibes #364,A curated playlist by rileynel117,True,2020-06-08 12:20:49,2020-06-08 12:20:49
365,117,Study Session #365,A curated playlist by rileynel117,False,2020-08-10 00:13:41,2020-08-10 00:13:41
366,118,Throwback #366,A curated playlist by calebnel_fan,False,2023-12-08 17:56:38,2023-12-08 17:56:38
367,118,Top Hits #367,A curated playlist by calebnel_fan,False,2025-03-07 17:26:47,2025-03-07 17:26:47
368,118,Mood Boost #368,A curated playlist by calebnel_fan,True,2025-05-15 01:41:21,2025-05-15 01:41:21
369,118,Road Trip #369,A curated playlist by calebnel_fan,False,2021-03-03 16:35:55,2021-03-03 16:35:55
370,118,Party Playlist #370,A curated playlist by calebnel_fan,False,2024-08-06 02:43:00,2024-08-06 02:43:00
371,119,Focus Time #371,A curated playlist by ryanlee_music,True,2023-11-04 20:37:02,2023-11-04 20:37:02
372,119,My Favorites #372,A curated playlist by ryanlee_music,True,2023-12-06 18:19:16,2023-12-06 18:19:16
373,119,Running Mix #373,A curated playlist by ryanlee_music,True,2024-12-08 20:38:10,2024-12-08 20:38:10
374,119,Focus Time #374,A curated playlist by ryanlee_music,True,2022-03-27 03:44:40,2022-03-27 03:44:40
375,119,New Discoveries #375,A curated playlist by ryanlee_music,True,2020-11-03 05:08:28,2020-11-03 05:08:28
376,120,Study Session #376,A curated playlist by weibro531,True,2023-08-14 20:09:12,2023-08-14 20:09:12
377,120,Late Night #377,A curated playlist by weibro531,False,2024-06-13 03:05:46,2024-06-13 03:05:46
378,121,Chill Vibes #378,A curated playlist by williamwil121,False,2020-09-14 20:56:30,2020-09-14 20:56:30
379,122,My Favorites #379,A curated playlist by ameliajoh122,True,2025-06-05 19:17:32,2025-06-05 19:17:32
380,122,Running Mix #380,A curated playlist by ameliajoh122,True,2024-06-28 22:41:47,2024-06-28 22:41:47
381,123,Workout Mix #381,A curated playlist by weigar,True,2024-07-24 11:05:53,2024-07-24 11:05:53
382,123,Party Playlist #382,A curated playlist by weigar,False,2024-12-01 03:55:10,2024-12-01 03:55:10
383,123,Mood Boost #383,A curated playlist by weigar,False,2024-03-07 14:37:27,2024-03-07 14:37:27
384,123,Road Trip #384,A curated playlist by weigar,True,2020-09-04 21:18:11,2020-09-04 21:18:11
385,124,Focus Time #385,A curated playlist by annasch522,True,2020-02-05 06:48:11,2020-02-05 06:48:11
386,124,Top Hits #386,A curated playlist by annasch522,False,2025-04-01 13:24:17,2025-04-01 13:24:17
387,124,Top Hits #387,A curated playlist by annasch522,True,2024-11-14 19:26:13,2024-11-14 19:26:13
388,124,Study Session #388,A curated playlist by annasch522,True,2020-11-23 08:40:09,2020-11-23 08:40:09
389,124,My Favorites #389,A curated playlist by annasch522,True,2024-11-27 23:06:46,2024-11-27 23:06:46
390,125,Running Mix #390,A curated playlist by ivansco125,True,2021-04-04 05:17:08,2021-04-04 05:17:08
391,125,Relaxation #391,A curated playlist by ivansco125,True,2023-08-07 02:04:06,2023-08-07 02:04:06
392,125,Mood Boost #392,A curated playlist by ivansco125,True,2021-11-17 15:47:10,2021-11-17 15:47:10
393,126,Mood Boost #393,A curated playlist by gracerob_fan,False,2025-05-05 03:22:55,2025-05-05 03:22:55
394,127,Running Mix #394,A curated playlist by hanskim_fan,True,2024-04-16 17:08:54,2024-04-16 17:08:54
395,127,Throwback #395,A curated playlist by hanskim_fan,True,2023-12-14 17:00:38,2023-12-14 17:00:38
396,127,Morning Coffee #396,A curated playlist by hanskim_fan,True,2025-09-09 07:28:49,2025-09-09 07:28:49
397,128,Late Night #397,A curated playlist by ivansch128,True,2025-09-22 23:27:46,2025-09-22 23:27:46
398,128,Workout Mix #398,A curated playlist by ivansch128,False,2021-01-12 14:31:14,2021-01-12 14:31:14
399,129,Workout Mix #399,A curated playlist by averywan45,True,2024-12-20 22:57:33,2024-12-20 22:57:33
400,129,Mood Boost #400,A curated playlist by averywan45,False,2022-02-11 10:26:05,2022-02-11 10:26:05
401,130,Study Session #401,A curated playlist by zoeynel,True,2024-11-16 19:39:03,2024-11-16 19:39:03
402,130,Top Hits #402,A curated playlist by zoeynel,True,2021-02-21 13:40:23,2021-02-21 13:40:23
403,131,Party Playlist #403,A curated playlist by lucaskim_fan,False,2021-01-11 17:59:37,2021-01-11 17:59:37
404,131,My Favorites #404,A curated playlist by lucaskim_fan,False,2023-08-18 08:59:55,2023-08-18 08:59:55
405,131,Throwback #405,A curated playlist by lucaskim_fan,False,2020-07-02 12:38:18,2020-07-02 12:38:18
406,132,New Discoveries #406,A curated playlist by evelynjon801,True,2024-07-20 05:20:53,2024-07-20 05:20:53
407,132,Throwback #407,A curated playlist by evelynjon801,True,2024-04-09 13:20:38,2024-04-09 13:20:38
408,132,Road Trip #408,A curated playlist by evelynjon801,True,2020-05-12 17:10:22,2020-05-12 17:10:22
409,133,Road Trip #409,A curated playlist by elijahwan_fan,True,2021-02-25 09:13:54,2021-02-25 09:13:54
410,134,Late Night #410,A curated playlist by sakurawil134,True,2021-10-03 20:01:31,2021-10-03 20:01:31
411,134,Focus Time #411,A curated playlist by sakurawil134,False,2022-12-02 10:39:05,2022-12-02 10:39:05
412,134,Study Session #412,A curated playlist by sakurawil134,True,2024-07-07 12:58:58,2024-07-07 12:58:58
413,134,New Discoveries #413,A curated playlist by sakurawil134,True,2023-03-23 20:50:12,2023-03-23 20:50:12
414,135,Workout Mix #414,A curated playlist by miaram,True,2023-09-28 15:08:38,2023-09-28 15:08:38
415,135,Morning Coffee #415,A curated playlist by miaram,False,2025-11-14 09:34:23,2025-11-14 09:34:23
416,136,Relaxation #416,A curated playlist by oliviawil,True,2023-05-30 16:29:38,2023-05-30 16:29:38
417,136,Morning Coffee #417,A curated playlist by oliviawil,True,2021-10-11 07:06:37,2021-10-11 07:06:37
418,136,My Favorites #418,A curated playlist by oliviawil,False,2025-04-06 04:16:13,2025-04-06 04:16:13
419,136,Top Hits #419,A curated playlist by oliviawil,True,2020-01-23 02:29:16,2020-01-23 02:29:16
420,136,Morning Coffee #420,A curated playlist by oliviawil,True,2024-08-18 20:47:24,2024-08-18 20:47:24
421,137,Top Hits #421,A curated playlist by alexandertho_fan,True,2023-02-13 08:28:46,2023-02-13 08:28:46
422,138,Party Playlist #422,A curated playlist by elijahflo138,True,2025-08-30 03:08:32,2025-08-30 03:08:32
423,138,Morning Coffee #423,A curated playlist by elijahflo138,True,2025-07-14 12:50:22,2025-07-14 12:50:22
424,138,Party Playlist #424,A curated playlist by elijahflo138,False,2023-03-12 20:47:43,2023-03-12 20:47:43
425,138,Relaxation #425,A curated playlist by elijahflo138,True,2024-02-23 02:57:31,2024-02-23 02:57:31
426,139,New Discoveries #426,A curated playlist by natashagre471,True,2022-12-13 05:07:11,2022-12-13 05:07:11
427,139,Late Night #427,A curated playlist by natashagre471,True,2020-11-10 14:38:29,2020-11-10 14:38:29
428,139,Late Night #428,A curated playlist by natashagre471,False,2022-02-03 14:29:46,2022-02-03 14:29:46
429,140,Top Hits #429,A curated playlist by sakuraher453,True,2020-05-12 07:32:31,2020-05-12 07:32:31
430,140,Focus Time #430,A curated playlist by sakuraher453,True,2024-04-27 11:33:26,2024-04-27 11:33:26
431,140,Study Session #431,A curated playlist by sakuraher453,True,2024-01-05 00:19:53,2024-01-05 00:19:53
432,140,My Favorites #432,A curated playlist by sakuraher453,True,2023-11-20 15:35:53,2023-11-20 15:35:53
433,140,Relaxation #433,A curated playlist by sakuraher453,True,2024-08-19 07:56:42,2024-08-19 07:56:42
434,141,My Favorites #434,A curated playlist by ryanrob_music,True,2023-06-27 09:19:10,2023-06-27 09:19:10
435,141,Road Trip #435,A curated playlist by ryanrob_music,True,2022-02-13 18:40:25,2022-02-13 18:40:25
436,141,Workout Mix #436,A curated playlist by ryanrob_music,True,2024-06-07 10:28:21,2024-06-07 10:28:21
437,141,Road Trip #437,A curated playlist by ryanrob_music,True,2022-03-02 21:47:00,2022-03-02 21:47:00
438,142,My Favorites #438,A curated playlist by graysontor589,True,2020-08-25 19:29:22,2020-08-25 19:29:22
439,142,Throwback #439,A curated playlist by graysontor589,True,2025-04-20 23:56:19,2025-04-20 23:56:19
440,142,Top Hits #440,A curated playlist by graysontor589,True,2022-10-01 13:13:04,2022-10-01 13:13:04
441,142,Running Mix #441,A curated playlist by graysontor589,False,2022-11-06 01:40:18,2022-11-06 01:40:18
442,143,Mood Boost #442,A curated playlist by gracesmi,True,2023-06-26 13:35:51,2023-06-26 13:35:51
443,143,Morning Coffee #443,A curated playlist by gracesmi,True,2020-05-13 03:24:11,2020-05-13 03:24:11
444,143,Party Playlist #444,A curated playlist by gracesmi,False,2020-04-26 10:13:13,2020-04-26 10:13:13
445,144,My Favorites #445,A curated playlist by averyhil144,True,2024-08-26 01:03:23,2024-08-26 01:03:23
446,144,Party Playlist #446,A curated playlist by averyhil144,True,2024-03-03 15:59:20,2024-03-03 15:59:20
447,144,Chill Vibes #447,A curated playlist by averyhil144,True,2022-03-31 09:38:55,2022-03-31 09:38:55
448,144,Party Playlist #448,A curated playlist by averyhil144,True,2023-07-27 22:58:59,2023-07-27 22:58:59
449,144,Focus Time #449,A curated playlist by averyhil144,False,2021-02-21 07:41:33,2021-02-21 07:41:33
450,145,Top Hits #450,A curated playlist by lucasyam_music,True,2022-03-29 00:51:23,2022-03-29 00:51:23
451,146,Workout Mix #451,A curated playlist by miamue_music,False,2023-11-09 07:34:34,2023-11-09 07:34:34
452,146,Party Playlist #452,A curated playlist by miamue_music,False,2024-12-03 22:14:07,2024-12-03 22:14:07
453,146,New Discoveries #453,A curated playlist by miamue_music,True,2022-09-11 20:22:39,2022-09-11 20:22:39
454,147,Late Night #454,A curated playlist by carmenall147,False,2024-11-22 12:47:34,2024-11-22 12:47:34
455,148,Study Session #455,A curated playlist by masonrob148,True,2023-07-23 21:21:04,2023-07-23 21:21:04
456,149,New Discoveries #456,A curated playlist by isaacgar15,False,2025-11-29 19:49:12,2025-11-29 19:49:12
457,149,Top Hits #457,A curated playlist by isaacgar15,False,2025-02-28 07:11:41,2025-02-28 07:11:41
458,149,Relaxation #458,A curated playlist by isaacgar15,True,2020-01-12 03:58:18,2020-01-12 03:58:18
459,150,Running Mix #459,A curated playlist by scarlettngu843,True,2024-04-20 00:28:03,2024-04-20 00:28:03
460,150,Running Mix #460,A curated playlist by scarlettngu843,True,2025-03-21 14:15:37,2025-03-21 14:15:37
461,151,New Discoveries #461,A curated playlist by oliviaflo_fan,True,2022-09-20 21:33:05,2022-09-20 21:33:05
462,151,Mood Boost #462,A curated playlist by oliviaflo_fan,False,2020-12-13 14:48:42,2020-12-13 14:48:42
463,151,Mood Boost #463,A curated playlist by oliviaflo_fan,True,2022-01-06 17:39:20,2022-01-06 17:39:20
464,152,Chill Vibes #464,A curated playlist by dylanada152,True,2023-11-10 12:25:20,2023-11-10 12:25:20
465,152,Study Session #465,A curated playlist by dylanada152,True,2021-01-18 00:51:41,2021-01-18 00:51:41
466,152,My Favorites #466,A curated playlist by dylanada152,False,2021-09-02 15:31:53,2021-09-02 15:31:53
467,152,New Discoveries #467,A curated playlist by dylanada152,False,2023-08-12 20:44:37,2023-08-12 20:44:37
468,152,Workout Mix #468,A curated playlist by dylanada152,True,2024-10-05 16:56:48,2024-10-05 16:56:48
469,153,New Discoveries #469,A curated playlist by masonmil_fan,False,2022-04-21 22:24:47,2022-04-21 22:24:47
470,153,Party Playlist #470,A curated playlist by masonmil_fan,True,2020-04-19 02:20:54,2020-04-19 02:20:54
471,153,Relaxation #471,A curated playlist by masonmil_fan,False,2021-10-09 01:19:59,2021-10-09 01:19:59
472,153,Focus Time #472,A curated playlist by masonmil_fan,True,2024-06-12 00:38:16,2024-06-12 00:38:16
473,154,Party Playlist #473,A curated playlist by sakuracla154,False,2024-03-12 23:53:16,2024-03-12 23:53:16
474,154,Study Session #474,A curated playlist by sakuracla154,False,2023-12-30 21:46:56,2023-12-30 21:46:56
475,154,Running Mix #475,A curated playlist by sakuracla154,True,2023-01-20 19:44:04,2023-01-20 19:44:04
476,154,Party Playlist #476,A curated playlist by sakuracla154,True,2021-12-28 03:01:15,2021-12-28 03:01:15
477,154,New Discoveries #477,A curated playlist by sakuracla154,True,2022-06-01 05:56:28,2022-06-01 05:56:28
478,155,Mood Boost #478,A curated playlist by weimoo707,True,2020-02-13 06:17:25,2020-02-13 06:17:25
479,155,Party Playlist #479,A curated playlist by weimoo707,False,2020-10-19 23:00:09,2020-10-19 23:00:09
480,155,Relaxation #480,A curated playlist by weimoo707,True,2020-01-27 04:29:32,2020-01-27 04:29:32
481,155,Focus Time #481,A curated playlist by weimoo707,True,2025-04-18 15:01:53,2025-04-18 15:01:53
482,156,Running Mix #482,A curated playlist by isaacmil558,False,2021-08-22 15:13:35,2021-08-22 15:13:35
483,156,My Favorites #483,A curated playlist by isaacmil558,True,2023-07-26 04:40:58,2023-07-26 04:40:58
484,156,Chill Vibes #484,A curated playlist by isaacmil558,True,2024-08-20 02:29:58,2024-08-20 02:29:58
485,157,Road Trip #485,A curated playlist by ameliawan157,True,2022-12-19 07:31:35,2022-12-19 07:31:35
486,157,Focus Time #486,A curated playlist by ameliawan157,True,2020-05-02 18:46:01,2020-05-02 18:46:01
487,158,Mood Boost #487,A curated playlist by williampat158,True,2025-07-28 15:54:26,2025-07-28 15:54:26
488,159,Relaxation #488,A curated playlist by aidenngu159,True,2020-09-21 01:30:04,2020-09-21 01:30:04
489,159,Morning Coffee #489,A curated playlist by aidenngu159,True,2025-07-19 20:26:46,2025-07-19 20:26:46
490,160,My Favorites #490,A curated playlist by gracewan_fan,True,2021-02-20 04:04:26,2021-02-20 04:04:26
491,160,Workout Mix #491,A curated playlist by gracewan_fan,True,2022-05-18 08:55:01,2022-05-18 08:55:01
492,160,Throwback #492,A curated playlist by gracewan_fan,False,2020-06-24 20:11:08,2020-06-24 20:11:08
493,160,Throwback #493,A curated playlist by gracewan_fan,False,2024-03-17 03:04:43,2024-03-17 03:04:43
494,161,Relaxation #494,A curated playlist by ethansmi161,True,2020-11-05 18:31:38,2020-11-05 18:31:38
495,161,Road Trip #495,A curated playlist by ethansmi161,True,2021-05-10 17:43:59,2021-05-10 17:43:59
496,161,Mood Boost #496,A curated playlist by ethansmi161,False,2022-01-16 06:27:45,2022-01-16 06:27:45
497,162,Relaxation #497,A curated playlist by scarlettbro_music,True,2020-07-03 20:26:07,2020-07-03 20:26:07
498,163,Workout Mix #498,A curated playlist by fatimarob_fan,False,2022-08-19 18:56:32,2022-08-19 18:56:32
499,163,Chill Vibes #499,A curated playlist by fatimarob_fan,True,2021-03-24 18:26:24,2021-03-24 18:26:24
500,163,Study Session #500,A curated playlist by fatimarob_fan,True,2024-08-17 02:32:47,2024-08-17 02:32:47
501,163,Throwback #501,A curated playlist by fatimarob_fan,False,2024-12-29 22:21:17,2024-12-29 22:21:17
502,163,Study Session #502,A curated playlist by fatimarob_fan,True,2024-09-29 17:03:25,2024-09-29 17:03:25
503,164,Mood Boost #503,A curated playlist by avacam_music,False,2022-03-05 14:47:49,2022-03-05 14:47:49
504,164,Party Playlist #504,A curated playlist by avacam_music,True,2023-06-18 02:42:45,2023-06-18 02:42:45
505,164,Morning Coffee #505,A curated playlist by avacam_music,True,2021-07-05 08:05:00,2021-07-05 08:05:00
506,164,Mood Boost #506,A curated playlist by avacam_music,True,2024-03-21 01:06:18,2024-03-21 01:06:18
507,165,Road Trip #507,A curated playlist by priyaram_music,True,2021-07-30 09:32:08,2021-07-30 09:32:08
508,165,Mood Boost #508,A curated playlist by priyaram_music,False,2022-04-03 08:55:49,2022-04-03 08:55:49
509,166,Late Night #509,A curated playlist by oliverrod_fan,True,2021-06-19 14:25:48,2021-06-19 14:25:48
510,166,Running Mix #510,A curated playlist by oliverrod_fan,False,2020-12-01 04:17:12,2020-12-01 04:17:12
511,167,Party Playlist #511,A curated playlist by carmenjac_fan,True,2020-04-20 03:02:53,2020-04-20 03:02:53
512,168,Late Night #512,A curated playlist by sofiaram168,True,2024-06-21 17:30:24,2024-06-21 17:30:24
513,168,Late Night #513,A curated playlist by sofiaram168,True,2025-11-06 02:52:02,2025-11-06 02:52:02
514,168,Study Session #514,A curated playlist by sofiaram168,True,2020-06-05 03:41:45,2020-06-05 03:41:45
515,168,Running Mix #515,A curated playlist by sofiaram168,True,2021-04-08 21:18:26,2021-04-08 21:18:26
516,169,Top Hits #516,A curated playlist by yukicam_music,True,2025-11-27 14:35:02,2025-11-27 14:35:02
517,169,Focus Time #517,A curated playlist by yukicam_music,True,2020-06-23 06:24:50,2020-06-23 06:24:50
518,169,My Favorites #518,A curated playlist by yukicam_music,False,2020-04-19 04:49:06,2020-04-19 04:49:06
519,169,New Discoveries #519,A curated playlist by yukicam_music,True,2022-11-07 11:54:07,2022-11-07 11:54:07
520,170,Throwback #520,A curated playlist by evelynbak,True,2023-07-10 13:52:30,2023-07-10 13:52:30
521,170,Relaxation #521,A curated playlist by evelynbak,True,2020-08-05 17:25:38,2020-08-05 17:25:38
522,170,Late Night #522,A curated playlist by evelynbak,False,2021-09-02 19:06:07,2021-09-02 19:06:07
523,170,My Favorites #523,A curated playlist by evelynbak,True,2024-12-17 12:53:23,2024-12-17 12:53:23
524,171,Study Session #524,A curated playlist by lucasmit171,False,2023-12-15 05:27:18,2023-12-15 05:27:18
525,171,My Favorites #525,A curated playlist by lucasmit171,True,2022-08-30 10:06:46,2022-08-30 10:06:46
526,171,Study Session #526,A curated playlist by lucasmit171,True,2020-10-24 13:51:04,2020-10-24 13:51:04
527,172,New Discoveries #527,A curated playlist by ameliacla_music,False,2022-11-02 06:25:19,2022-11-02 06:25:19
528,172,My Favorites #528,A curated playlist by ameliacla_music,True,2020-02-08 06:57:48,2020-02-08 06:57:48
529,173,Study Session #529,A curated playlist by victoriatho_fan,True,2025-03-26 18:46:23,2025-03-26 18:46:23
530,173,New Discoveries #530,A curated playlist by victoriatho_fan,True,2021-08-11 18:37:59,2021-08-11 18:37:59
531,174,Chill Vibes #531,A curated playlist by owenwan_fan,True,2021-06-17 08:17:00,2021-06-17 08:17:00
532,174,Party Playlist #532,A curated playlist by owenwan_fan,False,2020-12-05 03:20:30,2020-12-05 03:20:30
533,174,Relaxation #533,A curated playlist by owenwan_fan,True,2023-03-28 17:09:59,2023-03-28 17:09:59
534,174,Study Session #534,A curated playlist by owenwan_fan,True,2024-05-01 09:21:36,2024-05-01 09:21:36
535,175,Chill Vibes #535,A curated playlist by carloswan_fan,True,2024-03-19 19:40:40,2024-03-19 19:40:40
536,175,My Favorites #536,A curated playlist by carloswan_fan,True,2021-01-07 16:08:32,2021-01-07 16:08:32
537,175,Mood Boost #537,A curated playlist by carloswan_fan,False,2022-09-09 10:34:35,2022-09-09 10:34:35
538,175,Throwback #538,A curated playlist by carloswan_fan,True,2022-05-17 20:11:11,2022-05-17 20:11:11
539,176,Workout Mix #539,A curated playlist by nathanjoh280,False,2024-03-20 22:47:51,2024-03-20 22:47:51
540,177,New Discoveries #540,A curated playlist by alexandertor177,True,2024-08-26 23:01:52,2024-08-26 23:01:52
541,177,Mood Boost #541,A curated playlist by alexandertor177,True,2024-01-12 13:05:35,2024-01-12 13:05:35
542,178,Road Trip #542,A curated playlist by carmenwil_music,True,2022-03-08 23:01:47,2022-03-08 23:01:47
543,178,My Favorites #543,A curated playlist by carmenwil_music,True,2023-06-18 16:45:59,2023-06-18 16:45:59
544,178,New Discoveries #544,A curated playlist by carmenwil_music,True,2021-12-01 20:40:44,2021-12-01 20:40:44
545,178,Mood Boost #545,A curated playlist by carmenwil_music,True,2022-06-29 17:47:10,2022-06-29 17:47:10
546,179,Chill Vibes #546,A curated playlist by rileyrob,True,2023-01-25 04:15:07,2023-01-25 04:15:07
547,179,Late Night #547,A curated playlist by rileyrob,True,2025-07-06 02:20:24,2025-07-06 02:20:24
548,180,Chill Vibes #548,A curated playlist by elijahmoo_music,True,2022-11-29 13:19:13,2022-11-29 13:19:13
549,180,Road Trip #549,A curated playlist by elijahmoo_music,True,2024-12-30 23:04:08,2024-12-30 23:04:08
550,181,Throwback #550,A curated playlist by nathanwil117,True,2025-08-25 23:12:40,2025-08-25 23:12:40
551,181,Road Trip #551,A curated playlist by nathanwil117,True,2024-12-17 09:03:38,2024-12-17 09:03:38
552,182,Focus Time #552,A curated playlist by carmennel182,True,2024-01-14 02:19:39,2024-01-14 02:19:39
553,182,Relaxation #553,A curated playlist by carmennel182,True,2023-03-13 15:44:18,2023-03-13 15:44:18
554,182,Top Hits #554,A curated playlist by carmennel182,True,2021-10-08 23:48:26,2021-10-08 23:48:26
555,182,Top Hits #555,A curated playlist by carmennel182,False,2023-07-30 23:08:58,2023-07-30 23:08:58
556,183,Workout Mix #556,A curated playlist by aidenmar183,True,2022-09-08 04:13:21,2022-09-08 04:13:21
557,183,Study Session #557,A curated playlist by aidenmar183,True,2021-02-09 14:30:45,2021-02-09 14:30:45
558,183,Top Hits #558,A curated playlist by aidenmar183,True,2020-09-02 03:25:11,2020-09-02 03:25:11
559,184,Throwback #559,A curated playlist by ameliasmi_music,False,2022-07-21 09:40:12,2022-07-21 09:40:12
560,184,Top Hits #560,A curated playlist by ameliasmi_music,True,2020-03-15 21:30:23,2020-03-15 21:30:23
561,184,Morning Coffee #561,A curated playlist by ameliasmi_music,False,2022-04-19 22:38:13,2022-04-19 22:38:13
562,184,Relaxation #562,A curated playlist by ameliasmi_music,False,2023-01-20 15:42:46,2023-01-20 15:42:46
563,184,Workout Mix #563,A curated playlist by ameliasmi_music,True,2022-12-25 18:13:52,2022-12-25 18:13:52
564,185,Workout Mix #564,A curated playlist by giovannisco_music,True,2021-02-12 06:52:52,2021-02-12 06:52:52
565,186,Workout Mix #565,A curated playlist by liamrob883,True,2025-09-04 14:03:27,2025-09-04 14:03:27
566,186,Relaxation #566,A curated playlist by liamrob883,True,2024-07-26 11:25:00,2024-07-26 11:25:00
567,186,New Discoveries #567,A curated playlist by liamrob883,True,2021-06-14 10:30:59,2021-06-14 10:30:59
568,186,Focus Time #568,A curated playlist by liamrob883,True,2024-08-06 06:02:56,2024-08-06 06:02:56
569,186,Road Trip #569,A curated playlist by liamrob883,False,2025-12-24 12:19:46,2025-12-24 12:19:46
570,187,Focus Time #570,A curated playlist by yukijac,True,2024-07-22 20:39:51,2024-07-22 20:39:51
571,187,Study Session #571,A curated playlist by yukijac,False,2022-03-04 04:29:33,2022-03-04 04:29:33
572,187,New Discoveries #572,A curated playlist by yukijac,False,2023-08-22 15:00:05,2023-08-22 15:00:05
573,187,Late Night #573,A curated playlist by yukijac,True,2025-09-26 11:43:09,2025-09-26 11:43:09
574,187,Study Session #574,A curated playlist by yukijac,True,2021-10-26 13:05:09,2021-10-26 13:05:09
575,188,Running Mix #575,A curated playlist by isaacgar,False,2020-01-31 01:10:05,2020-01-31 01:10:05
576,189,Study Session #576,A curated playlist by carmengar892,True,2022-08-27 05:32:20,2022-08-27 05:32:20
577,189,Running Mix #577,A curated playlist by carmengar892,False,2020-03-14 10:23:54,2020-03-14 10:23:54
578,189,Study Session #578,A curated playlist by carmengar892,False,2021-12-17 19:49:31,2021-12-17 19:49:31
579,190,Relaxation #579,A curated playlist by abigailjon,True,2020-10-02 04:18:51,2020-10-02 04:18:51
580,190,My Favorites #580,A curated playlist by abigailjon,True,2024-11-11 18:59:25,2024-11-11 18:59:25
581,190,Relaxation #581,A curated playlist by abigailjon,False,2022-06-24 21:28:35,2022-06-24 21:28:35
582,190,Workout Mix #582,A curated playlist by abigailjon,True,2021-02-09 20:26:29,2021-02-09 20:26:29
583,190,My Favorites #583,A curated playlist by abigailjon,True,2022-07-23 11:26:59,2022-07-23 11:26:59
584,191,Throwback #584,A curated playlist by anthonycam,False,2024-11-09 21:46:08,2024-11-09 21:46:08
585,191,Focus Time #585,A curated playlist by anthonycam,True,2024-07-01 19:33:01,2024-07-01 19:33:01
586,191,Relaxation #586,A curated playlist by anthonycam,False,2023-05-06 03:02:47,2023-05-06 03:02:47
587,191,Chill Vibes #587,A curated playlist by anthonycam,True,2025-04-26 19:46:43,2025-04-26 19:46:43
588,192,Road Trip #588,A curated playlist by evelyncar_music,False,2021-12-17 00:26:05,2021-12-17 00:26:05
589,192,Running Mix #589,A curated playlist by evelyncar_music,True,2022-04-15 19:15:03,2022-04-15 19:15:03
590,192,Study Session #590,A curated playlist by evelyncar_music,True,2022-04-20 03:54:13,2022-04-20 03:54:13
591,193,Workout Mix #591,A curated playlist by rileykim_music,True,2021-05-05 00:28:50,2021-05-05 00:28:50
592,193,Running Mix #592,A curated playlist by rileykim_music,True,2024-11-18 14:49:28,2024-11-18 14:49:28
593,193,Road Trip #593,A curated playlist by rileykim_music,True,2022-09-16 17:38:23,2022-09-16 17:38:23
594,193,Chill Vibes #594,A curated playlist by rileykim_music,False,2021-08-05 12:23:28,2021-08-05 12:23:28
595,193,Chill Vibes #595,A curated playlist by rileykim_music,True,2020-01-31 05:23:52,2020-01-31 05:23:52
596,194,Throwback #596,A curated playlist by gracengu_fan,False,2021-09-11 05:01:24,2021-09-11 05:01:24
597,194,Top Hits #597,A curated playlist by gracengu_fan,False,2024-03-07 13:25:17,2024-03-07 13:25:17
598,195,Morning Coffee #598,A curated playlist by noahbro852,True,2020-02-15 04:32:25,2020-02-15 04:32:25
599,195,Focus Time #599,A curated playlist by noahbro852,True,2020-01-05 15:06:32,2020-01-05 15:06:32
600,196,My Favorites #600,A curated playlist by natashangu,True,2020-01-07 03:30:56,2020-01-07 03:30:56
601,196,Running Mix #601,A curated playlist by natashangu,False,2020-02-26 11:07:47,2020-02-26 11:07:47
602,197,New Discoveries #602,A curated playlist by rileyhil197,True,2022-02-11 13:56:30,2022-02-11 13:56:30
603,197,Study Session #603,A curated playlist by rileyhil197,True,2023-06-07 00:41:02,2023-06-07 00:41:02
604,197,Workout Mix #604,A curated playlist by rileyhil197,False,2025-01-18 16:44:20,2025-01-18 16:44:20
605,197,My Favorites #605,A curated playlist by rileyhil197,False,2020-01-16 00:05:43,2020-01-16 00:05:43
606,198,New Discoveries #606,A curated playlist by elijahall198,False,2024-11-11 07:49:19,2024-11-11 07:49:19
607,198,Workout Mix #607,A curated playlist by elijahall198,True,2020-10-06 13:29:29,2020-10-06 13:29:29
608,198,Late Night #608,A curated playlist by elijahall198,True,2021-01-05 01:33:22,2021-01-05 01:33:22
609,198,Relaxation #609,A curated playlist by elijahall198,True,2020-03-12 21:38:29,2020-03-12 21:38:29
610,198,Relaxation #610,A curated playlist by elijahall198,False,2023-04-09 13:08:15,2023-04-09 13:08:15
611,199,Chill Vibes #611,A curated playlist by isaacwhi_music,False,2021-12-31 10:05:56,2021-12-31 10:05:56
612,199,Party Playlist #612,A curated playlist by isaacwhi_music,True,2024-03-16 06:30:49,2024-03-16 06:30:49
613,200,Running Mix #613,A curated playlist by gabrieljon_fan,False,2025-09-22 17:27:57,2025-09-22 17:27:57
614,200,Throwback #614,A curated playlist by gabrieljon_fan,False,2023-11-29 15:29:36,2023-11-29 15:29:36
615,200,My Favorites #615,A curated playlist by gabrieljon_fan,True,2025-04-03 08:42:41,2025-04-03 08:42:41
616,200,Running Mix #616,A curated playlist by gabrieljon_fan,False,2020-01-28 16:06:28,2020-01-28 16:06:28
617,200,Road Trip #617,A curated playlist by gabrieljon_fan,False,2022-11-12 12:29:31,2022-11-12 12:29:31
