song_id,genre_id
1,1
1,3
2,18
2,10
3,20
4,3
4,2
4,14
5,5
6,6
6,8
7,6
7,14
8,19
8,7
9,12
10,8
11,5
11,13
12,19
13,5
13,7
13,15
14,9
15,1
15,4
16,10
16,17
16,4
17,20
17,16
17,8
18,15
18,10
18,4
19,20
19,15
19,5
20,11
21,2
21,13
22,4
22,15
23,19
23,6
24,16
24,10
24,8
25,4
25,3
25,12
26,16
27,14
27,20
27,2
28,4
28,9
28,19
29,17
29,11
30,9
30,12
31,1
32,16
33,19
34,8
34,19
35,9
35,4
36,16
36,18
36,13
37,17
37,13
37,2
38,4
38,19
38,20
39,4
39,20
39,8
40,19
40,14
41,2
41,12
42,15
42,20
42,17
43,13
44,14
44,1
44,7
45,6
45,1
45,11
46,10
47,1
47,15
48,12
48,20
49,8
49,9
50,2
50,11
51,9
51,6
52,18
53,11
53,13
53,12
54,16
55,11
56,20
56,18
57,8
57,11
57,10
58,3
59,13
59,11
59,16
60,6
60,13
60,7
61,16
61,12
62,15
62,12
63,6
64,1
64,4
65,19
66,17
66,18
67,18
67,20
68,13
69,3
69,7
69,20
70,20
71,13
71,9
71,5
72,11
72,18
72,12
73,5
73,13
74,10
75,19
75,3
75,11
76,15
77,8
78,5
78,9
78,1
79,8
79,20
80,8
81,7
81,5
82,10
83,1
84,16
84,15
84,14
85,18
85,19
85,7
86,6
86,17
87,13
87,19
87,20
88,9
88,12
88,20
89,12
89,20
90,11
91,12
91,3
91,5
92,8
92,18
93,5
93,4
93,17
94,16
94,18
94,11
95,20
96,12
97,18
97,8
97,15
98,19
98,2
99,20
99,15
100,19
100,14
101,6
102,18
103,18
103,2
104,16
104,5
105,12
106,9
107,9
107,1
107,16
108,5
108,13
109,15
110,18
110,10
111,8
111,19
112,14
112,5
112,18
113,19
113,11
113,1
114,2
114,12
114,4
115,20
116,17
117,6
117,7
118,20
119,6
120,16
121,4
121,11
121,3
122,13
123,13
123,14
123,20
124,16
124,5
124,11
125,4
126,12
126,6
127,14
127,9
127,16
128,6
129,13
129,7
130,12
131,3
131,11
131,15
132,17
133,1
133,2
134,2
134,12
134,4
135,1
136,1
136,20
136,11
137,10
137,1
138,19
138,12
138,3
139,7
140,20
140,16
140,6
141,7
141,12
141,4
142,5
142,12
142,6
143,6
143,17
144,15
145,20
146,18
147,10
148,4
148,12
149,6
149,19
149,17
150,4
151,7
151,5
152,11
152,15
152,18
153,15
153,4
154,18
154,3
154,11
155,12
156,8
157,7
157,13
158,12
159,16
160,19
160,4
160,17
161,11
162,19
162,20
162,18
163,13
163,18
163,7
164,11
164,5
165,7
165,10
166,14
166,13
166,20
167,3
167,16
168,16
169,11
170,16
170,13
170,10
171,10
171,2
172,2
172,7
172,3
173,19
173,20
174,6
174,11
174,2
175,1
175,2
175,10
176,7
176,12
177,2
177,14
177,17
178,6
178,17
178,12
179,2
179,7
179,4
180,6
180,8
181,11
181,3
181,7
182,7
182,19
183,20
183,1
183,2
184,7
184,4
185,1
185,8
186,11
186,6
186,13
187,12
188,2
188,5
189,20
190,20
191,9
191,14
191,10
192,9
193,1
193,14
194,13
194,9
195,16
196,20
196,1
197,13
197,2
197,15
198,8
199,4
200,6
201,3
201,6
202,11
202,6
202,9
203,13
203,10
203,18
204,10
204,19
205,4
205,20
206,7
206,3
207,16
207,7
207,5
208,2
208,16
208,19
209,4
210,2
211,6
211,3
212,3
212,8
212,14
213,12
213,15
213,5
214,20
214,2
215,17
215,7
215,19
216,11
216,2
216,1
217,11
218,6
218,12
219,7
219,2
220,13
220,5
221,17
221,3
222,6
223,7
223,11
223,15
224,15
225,8
226,17
226,10
226,18
227,5
228,11
228,2
228,4
229,3
229,14
229,17
230,1
230,6
230,11
231,2
231,5
232,8
233,13
234,19
235,13
236,4
236,8
236,2
237,18
237,3
237,1
238,16
238,19
238,13
239,20
239,13
240,8
240,16
241,9
241,12
241,15
242,5
242,15
243,12
243,8
243,5
244,6
244,13
245,6
245,12
246,1
246,14
246,10
247,2
248,14
248,18
249,13
250,12
251,13
252,14
252,15
253,15
253,20
253,13
254,12
254,11
255,13
255,5
256,17
256,7
256,8
257,7
258,7
258,12
258,15
259,14
259,12
259,10
260,13
261,16
262,18
263,15
263,10
263,14
264,7
265,11
266,6
266,13
266,17
267,6
267,15
268,7
269,19
269,6
270,19
270,5
271,13
271,19
271,7
272,14
273,15
273,8
274,5
274,16
274,11
275,20
275,17
275,2
276,4
276,3
276,19
277,1
278,11
279,11
280,7
280,5
281,10
282,12
283,11
283,19
283,15
284,11
284,6
285,10
285,4
286,6
286,5
286,20
287,4
287,18
288,14
288,6
288,18
289,16
289,9
289,8
290,5
291,4
291,2
292,13
293,13
293,16
294,1
295,12
295,15
295,6
296,1
296,16
297,19
297,12
297,11
298,12
299,6
300,20
301,13
301,5
302,7
303,11
303,10
303,3
304,20
304,16
305,20
306,14
306,6
306,12
307,7
307,17
308,17
308,1
309,11
309,6
310,8
311,10
311,9
311,15
312,11
312,2
313,15
313,3
314,18
314,2
315,20
316,19
317,10
318,7
318,16
319,13
319,2
320,9
320,13
320,11
321,17
321,14
322,11
322,5
323,9
323,18
324,16
325,9
325,3
326,3
326,11
327,4
327,1
327,5
328,8
329,6
330,3
330,5
331,8
331,3
331,19
332,1
333,11
333,3
333,5
334,15
334,11
334,4
335,4
335,2
335,5
336,3
337,3
338,3
338,1
338,14
339,8
339,7
339,2
340,3
340,13
340,11
341,17
341,7
341,16
342,16
343,6
343,16
343,10
344,19
344,2
344,15
345,17
346,3
347,7
348,5
348,18
349,7
349,4
349,3
350,6
351,8
351,6
352,19
352,10
353,14
353,17
353,10
354,14
355,12
355,8
356,1
356,9
356,10
357,3
358,3
359,12
359,2
360,14
360,3
360,15
361,3
362,19
362,12
363,20
363,3
363,9
364,11
364,15
364,12
365,16
365,12
365,20
366,16
366,11
367,7
367,8
367,6
368,12
369,15
369,20
370,13
370,15
371,15
371,5
372,13
373,1
373,5
374,13
374,5
375,12
375,1
376,6
376,5
377,6
377,7
377,4
378,13
379,5
379,9
380,7
380,1
381,13
381,6
382,18
382,9
383,7
384,20
384,16
385,14
385,6
386,2
386,12
387,3
388,16
388,10
389,8
390,16
390,7
390,14
391,1
391,10
392,6
392,11
392,10
393,20
393,14
393,4
394,5
394,17
394,10
395,12
395,5
396,19
396,16
397,1
398,12
398,14
399,7
400,8
400,11
401,16
401,9
401,18
402,19
402,11
403,7
403,5
403,11
404,19
404,8
404,20
405,16
406,16
406,1
406,11
407,4
407,13
407,5
408,11
408,3
408,17
409,15
409,9
410,15
411,7
411,9
412,5
412,12
412,2
413,8
413,20
414,1
414,11
414,12
415,16
415,18
415,5
416,11
416,16
417,20
417,18
418,7
419,20
419,4
419,10
420,2
420,7
420,17
421,10
421,8
421,13
422,1
422,10
423,7
423,5
424,1
424,20
425,14
425,3
425,12
426,5
426,15
427,13
427,18
427,6
428,15
428,11
428,4
429,15
429,9
430,20
431,10
431,6
432,5
432,11
432,1
433,2
434,18
434,16
435,5
435,11
436,13
436,18
436,1
437,14
437,11
437,13
438,11
439,2
439,10
439,11
440,19
440,2
440,17
441,5
442,3
442,20
443,5
444,17
445,8
446,12
447,11
447,3
448,11
448,3
449,13
449,18
450,17
451,13
451,5
452,3
452,7
452,15
453,4
454,8
454,20
455,18
456,2
457,8
457,16
457,2
458,8
459,5
460,17
461,11
461,13
462,13
462,1
462,17
463,16
463,1
464,14
464,18
464,3
465,7
466,2
466,7
466,8
467,16
467,1
467,12
468,3
468,19
468,12
469,6
469,13
469,7
470,18
471,20
472,9
472,18
473,17
473,13
474,7
475,9
475,11
475,7
476,9
476,13
477,10
478,1
478,15
479,17
479,13
479,7
480,4
481,13
482,7
483,19
484,10
484,7
484,20
485,15
485,2
486,8
486,19
486,9
487,17
488,10
489,7
490,11
491,16
492,13
492,11
492,15
493,20
493,6
494,16
494,18
495,10
495,8
495,3
496,4
496,1
496,19
497,2
497,1
497,9
498,10
499,13
499,19
500,4
501,12
502,7
503,12
503,3
504,14
504,1
505,2
505,4
506,5
506,9
507,7
507,4
508,1
508,16
508,6
509,4
510,8
511,19
511,18
512,9
512,1
513,19
513,16
513,3
514,5
514,7
514,3
515,13
515,1
516,16
517,15
517,14
518,1
519,2
519,3
519,9
520,10
520,16
520,7
521,1
521,9
522,8
523,15
523,1
523,2
524,14
524,18
524,16
525,2
526,12
526,3
527,12
527,15
527,16
528,6
528,12
528,19
529,18
529,20
529,5
530,12
530,14
531,19
532,12
532,15
533,10
533,5
534,16
534,18
534,14
535,14
535,3
536,9
536,5
536,11
537,15
537,20
538,6
538,2
538,11
539,5
539,11
539,18
540,6
540,19
540,5
541,13
542,14
543,17
544,2
544,17
544,4
545,1
545,9
545,18
546,6
546,8
546,11
547,4
547,11
548,12
548,18
548,13
549,13
549,8
549,12
550,14
550,4
550,8
551,15
551,5
551,7
552,1
552,17
552,4
553,5
553,3
554,10
554,8
554,13
555,7
555,18
556,4
556,7
556,1
557,1
558,4
558,7
559,3
560,9
561,4
561,14
562,13
562,1
563,20
563,10
563,11
564,12
564,7
565,14
565,19
566,20
566,19
567,16
568,16
569,12
569,1
570,16
570,13
571,4
571,14
571,12
572,16
572,1
572,13
573,16
574,16
575,18
575,3
576,8
577,4
577,15
577,13
578,11
578,8
578,16
579,11
580,18
580,15
581,20
582,4
582,1
583,5
583,19
583,1
584,15
584,3
584,17
585,15
586,19
586,13
587,2
587,9
587,4
588,17
588,16
588,6
589,10
589,6
590,10
591,11
591,14
591,4
592,5
592,3
592,7
593,16
593,8
594,13
595,6
595,13
595,2
596,6
596,8
597,19
597,16
598,15
599,4
599,20
599,6
600,5
601,20
601,19
601,1
602,16
602,12
603,14
603,1
603,17
604,12
604,18
604,4
605,16
605,2
606,14
606,18
607,14
607,3
607,19
608,9
609,12
609,16
609,13
610,8
610,5
610,4
611,6
612,19
613,7
614,18
614,12
615,9
615,16
615,3
616,6
616,19
616,14
617,18
618,8
619,5
620,5
620,13
621,12
622,17
623,4
624,9
624,19
624,17
625,10
626,11
627,16
628,7
629,16
629,20
629,19
630,4
631,13
632,18
632,3
632,5
633,5
633,17
633,20
634,16
635,3
635,19
635,6
636,14
637,12
637,8
637,9
638,2
638,14
639,11
640,1
640,7
641,12
641,13
641,15
642,8
642,5
642,16
643,17
643,14
643,6
644,20
645,10
645,16
645,3
646,20
646,1
647,3
647,18
648,5
649,2
649,12
649,9
650,9
650,15
651,11
651,10
651,18
652,11
652,10
652,16
653,16
653,13
653,18
654,20
654,19
654,5
655,11
655,3
656,16
656,11
656,18
657,20
657,3
657,9
658,9
658,20
658,10
659,17
659,8
659,11
660,8
660,19
661,12
662,7
662,11
663,14
663,9
663,19
664,14
664,7
664,5
665,10
665,7
665,12
666,18
666,20
666,11
667,15
668,17
668,6
668,4
669,10
669,8
669,7
670,11
670,6
670,16
671,8
671,13
672,9
672,19
673,18
673,11
674,9
675,3
675,9
675,4
676,18
676,13
677,3
678,9
679,15
679,18
680,9
680,17
680,14
681,9
682,14
683,16
683,4
683,20
684,13
684,11
685,5
686,4
687,2
687,20
688,9
689,18
690,9
690,5
690,4
691,14
691,7
691,2
692,19
692,2
692,1
693,11
694,9
694,10
694,14
695,8
696,20
697,19
697,9
697,18
698,8
698,5
699,18
700,11
700,8
700,6
701,7
701,18
702,1
702,6
702,3
703,20
703,9
703,16
704,4
705,14
706,8
707,20
707,6
708,8
709,4
709,1
710,10
711,19
711,13
712,7
712,8
713,3
714,15
714,20
715,13
716,13
716,1
716,18
717,7
717,16
718,17
718,11
719,1
719,16
720,20
720,13
720,15
721,7
721,12
721,5
722,3
722,13
722,6
723,7
723,20
724,12
724,13
725,8
725,10
726,13
727,16
727,1
727,8
728,3
728,15
728,1
729,19
729,12
730,13
730,1
731,14
731,15
732,3
732,14
733,12
733,8
734,12
734,9
735,6
735,20
736,19
737,17
737,20
737,7
738,13
739,2
739,8
740,6
741,20
742,18
742,2
742,9
743,17
744,15
744,5
745,5
745,14
746,6
746,8
747,10
747,6
748,3
748,8
748,20
749,2
749,19
749,6
750,18
750,16
751,6
751,8
752,7
753,3
753,20
753,4
754,6
754,18
755,15
756,12
756,6
756,5
757,6
757,8
757,1
758,6
758,9
759,1
759,17
759,19
760,13
761,6
762,16
763,5
764,20
765,19
765,9
766,8
766,15
767,4
768,8
768,6
768,2
769,13
770,1
771,15
771,17
772,13
772,18
773,13
773,17
773,15
774,17
774,12
774,13
775,17
775,14
776,17
777,5
777,2
778,3
779,12
779,10
779,4
780,14
780,13
780,19
781,12
781,1
782,16
782,7
783,7
784,5
784,15
785,5
785,10
785,13
786,5
787,8
788,9
788,16
789,15
789,20
790,7
790,15
791,14
792,8
793,4
794,12
794,2
795,15
795,13
796,14
796,3
796,10
797,17
797,18
798,2
798,16
799,12
800,7
800,10
801,6
801,1
801,4
802,18
803,2
803,1
804,7
804,17
804,12
805,15
806,11
806,15
807,20
807,11
808,12
808,2
809,19
809,4
809,15
810,14
810,17
811,18
812,19
812,17
812,3
813,13
814,15
814,9
815,5
816,3
817,13
817,9
817,20
818,2
819,10
820,5
821,14
822,7
822,14
822,5
823,18
823,19
824,7
824,1
825,6
826,9
827,16
827,3
827,8
828,6
828,16
829,3
830,15
830,11
830,12
831,9
831,19
832,18
832,11
832,19
833,5
833,19
833,17
834,9
834,8
834,19
835,14
836,9
836,11
837,10
837,16
837,13
838,19
839,9
839,4
840,18
841,8
842,15
843,4
844,18
844,17
844,12
845,13
845,14
846,11
846,10
846,3
847,6
848,16
848,3
848,11
849,14
850,14
850,5
851,16
851,1
852,12
852,4
853,8
853,16
854,13
854,19
855,13
856,8
856,10
857,20
858,11
859,20
860,19
860,13
861,4
862,3
863,1
863,5
863,18
864,16
864,3
865,5
865,2
865,1
866,6
866,2
867,10
868,12
868,19
869,2
870,10
871,4
871,2
872,3
872,2
872,1
873,6
874,16
874,4
875,19
875,10
876,17
876,3
876,10
877,3
878,20
878,9
879,17
880,16
881,8
881,10
881,2
882,11
882,6
883,16
883,15
883,12
884,10
884,20
884,13
885,8
885,10
886,11
886,7
886,8
887,5
887,20
888,3
889,19
890,5
891,15
892,5
893,3
893,10
893,11
894,11
894,19
894,8
895,16
895,14
895,19
896,18
897,19
897,10
897,7
898,2
898,12
899,13
900,12
901,2
902,9
903,6
903,16
904,13
904,11
905,5
905,11
906,14
906,11
906,6
907,6
908,14
908,3
909,11
909,5
910,5
911,17
912,16
912,9
912,7
913,6
913,14
913,2
914,12
915,11
915,12
915,20
916,4
917,17
917,7
918,5
919,17
919,9
920,13
920,17
920,7
921,2
921,15
922,19
922,18
922,10
923,15
923,2
923,10
924,1
924,14
925,3
925,16
925,14
926,20
926,19
927,11
928,8
928,15
928,9
929,2
929,8
930,19
930,9
930,13
931,1
931,17
932,2
933,15
934,13
935,14
936,3
937,18
937,20
938,1
938,17
939,10
939,2
939,16
940,7
940,18
940,19
941,4
941,8
942,18
942,11
943,18
944,7
944,1
944,14
945,11
946,8
946,16
946,1
947,5
948,9
948,6
948,10
949,9
949,14
949,6
950,7
950,6
951,4
951,10
952,18
952,20
953,3
953,20
953,5
954,1
955,3
956,6
956,4
957,11
957,4
958,18
958,15
958,17
959,16
960,20
960,9
960,3
961,3
961,12
962,13
963,18
964,1
964,3
965,6
966,11
967,17
968,18
968,7
968,16
969,12
969,1
969,11
970,14
970,4
971,13
971,7
971,6
972,20
973,16
973,19
973,3
974,8
974,16
974,18
975,13
975,11
976,12
976,7
976,2
977,15
978,1
979,12
979,1
979,20
980,11
980,14
980,1
981,15
981,3
982,4
983,17
983,18
983,4
984,5
984,16
984,19
985,18
985,11
985,4
986,2
986,11
986,8
987,18
987,14
988,2
988,4
989,10
990,5
990,9
990,13
991,9
992,14
992,3
993,12
993,3
993,16
994,10
994,14
995,1
996,11
996,6
997,3
997,5
997,17
998,20
998,4
998,12
999,4
1000,11
1000,20
1001,6
1002,7
1002,19
1002,3
1003,2
1004,10
1004,18
1005,3
1005,18
1005,19
1006,18
1006,10
1007,13
1008,10
1009,3
1009,11
1010,2
1010,5
1011,4
1012,1
1012,4
1012,16
1013,16
1014,13
1014,18
1015,9
1016,19
1017,8
1017,3
1017,11
1018,6
1019,19
1019,4
1019,1
1020,7
1020,5
1021,17
1022,14
1023,17
1024,19
1024,7
1025,18
1025,8
1026,14
1027,20
1028,13
1028,7
1028,17
1029,12
1029,5
1030,19
1030,14
1031,10
1031,9
1031,8
1032,4
1032,14
1032,9
1033,20
1033,16
1033,1
1034,13
1035,7
1035,9
1035,5
1036,6
1036,19
1036,4
1037,8
1037,5
1037,2
1038,8
1039,2
1039,3
1039,13
1040,7
1041,4
1041,19
1042,7
1043,4
1043,1
1043,14
1044,11
1045,15
1046,5
1047,4
1047,12
1047,11
1048,13
1048,17
1049,9
1049,15
1049,7
1050,5
1050,7
1050,13
1051,7
1051,8
1052,16
1052,9
1053,2
1053,9
1054,14
1055,6
1055,2
1056,15
1057,10
1057,7
1057,14
1058,10
1059,10
1060,6
1060,14
1061,16
1062,3
1062,19
1062,15
1063,10
1063,8
1064,7
1064,9
1065,13
1065,9
1066,16
1067,15
1068,1
1069,16
1070,8
1070,18
1071,5
1071,4
1071,9
1072,12
1072,17
1072,9
1073,4
1073,9
1073,17
1074,13
1074,1
1075,19
1076,8
1077,9
1077,8
1078,18
1078,19
1078,17
1079,16
1080,1
1080,5
1080,20
1081,18
1081,14
1082,11
1082,1
1082,16
1083,6
1084,10
1085,14
1085,9
1085,19
1086,7
1086,13
1086,12
1087,13
1088,20
1088,7
1089,11
1090,11
1091,16
1091,8
1092,11
1092,16
1092,8
1093,18
1093,1
1094,3
1094,4
1094,5
1095,14
1096,7
1097,14
1097,18
1098,3
1098,4
1098,18
1099,5
1099,8
1100,7
1100,20
1100,12
1101,2
1102,1
1102,19
1103,4
1103,9
1104,19
1104,15
1104,7
1105,11
1106,20
1107,3
1108,20
1108,18
1109,8
1109,2
1109,16
1110,9
1110,18
1110,6
1111,1
1111,16
1111,7
1112,11
1112,4
1113,17
1114,8
1114,19
1114,9
1115,14
1116,12
1116,20
1116,15
1117,6
1117,1
1117,4
1118,19
1118,1
1118,9
1119,6
1120,8
1121,2
1121,6
1121,7
1122,7
1123,10
1124,2
1124,15
1125,20
1126,2
1127,7
1128,10
1128,14
1129,3
1130,16
1131,1
1131,6
1132,2
1132,18
1133,14
1134,3
1135,7
1136,5
1137,4
1137,14
1138,6
1139,17
1139,18
1140,17
1140,19
1140,11
1141,6
1141,18
1142,19
1142,7
1142,15
1143,6
1143,15
1144,11
1144,9
1145,7
1145,1
1145,20
1146,10
1146,13
1147,15
1147,3
1147,4
1148,5
1148,2
1148,8
1149,18
1149,4
1149,20
1150,13
1150,19
1151,5
1151,2
1151,17
1152,18
1153,5
1154,2
1155,20
1155,18
1155,3
1156,18
1157,3
1157,11
1157,17
1158,3
1158,9
1158,19
1159,18
1159,5
1160,2
1161,16
1161,7
1162,8
1163,3
1163,17
1163,5
1164,15
1164,3
1164,14
1165,18
1165,3
1165,11
1166,6
1166,9
1167,1
1167,2
1168,1
1169,1
1169,20
1169,3
1170,6
1170,19
1171,3
1172,7
1172,16
1172,4
1173,18
1173,12
1174,20
1175,5
1176,11
1176,13
1177,4
1177,17
1177,10
1178,9
1178,6
1179,18
1180,20
1181,19
1181,18
1181,16
1182,16
1182,17
1183,5
1184,10
1185,20
1185,2
1185,11
1186,16
1186,2
1187,14
1187,15
1187,1
1188,20
1189,1
1190,9
1190,8
1190,13
1191,11
1191,3
1192,17
1192,9
1193,5
1193,13
1193,19
1194,4
1194,8
1194,14
1195,9
1196,8
1196,11
1196,12
1197,2
1197,12
1197,10
1198,19
1199,2
1199,18
1200,2
1200,16
1200,20
1201,7
1201,8
1202,20
1202,18
1203,20
1203,12
1204,20
1205,17
1205,6
1205,5
1206,2
1207,2
1207,4
1208,9
1208,17
1209,18
1210,1
1210,9
1210,19
1211,6
1211,18
1211,16
1212,8
1212,17
1213,13
1214,7
1214,17
1214,3
1215,9
1215,8
1216,3
1217,13
1218,10
1218,6
1218,17
1219,10
1219,14
1219,20
1220,1
1221,14
1222,5
1222,12
1222,17
1223,7
1223,4
1224,9
1224,3
1225,2
1225,13
1226,13
1226,6
1227,12
1227,10
1228,6
1229,8
1229,12
1230,18
1230,6
1231,7
1231,1
1232,3
1232,16
1232,13
1233,14
1233,9
1234,17
1234,19
1235,17
1235,1
1235,8
1236,4
1236,12
1236,8
1237,17
1237,20
1237,6
1238,11
1238,5
1239,20
1239,2
1240,11
1240,2
1240,10
1241,2
1241,10
1241,8
1242,7
1243,12
1244,17
1245,19
1245,11
1246,4
1246,13
1246,8
1247,4
1248,4
1249,20
1249,15
1249,17
1250,4
1250,18
1251,20
1252,8
1253,3
1253,7
1253,16
1254,5
1255,11
1255,8
1256,14
1257,3
1258,20
1259,16
1259,11
1259,13
1260,15
1261,14
1261,18
1261,17
1262,1
1263,7
1264,1
1265,4
1265,11
1265,14
1266,18
1267,20
1268,1
1268,8
1268,13
1269,16
1269,20
1270,10
1270,4
1271,14
1271,1
1271,7
1272,12
1272,20
1273,2
1274,10
1275,3
1275,4
1275,17
1276,19
1276,10
1276,4
1277,10
1277,8
1277,19
1278,17
1278,16
1279,1
1279,19
1280,14
1281,6
1282,6
1282,7
1282,17
1283,3
1284,15
1285,11
1285,20
1286,3
1286,20
1287,2
1287,10
1288,17
1289,14
1289,2
1289,12
1290,1
1290,11
1290,8
1291,13
1291,14
1292,2
1292,17
1293,4
1293,20
1293,5
1294,1
1294,2
1295,2
1296,7
1296,12
1296,13
1297,20
1297,3
1298,13
1299,15
1300,11
1301,7
1301,4
1301,6
1302,9
1303,12
1303,2
1304,17
1304,18
1305,14
1306,4
1306,16
1306,19
1307,18
1307,5
1308,7
1308,17
1308,9
1309,2
1309,4
1310,10
1311,1
1311,17
1311,15
1312,11
1313,8
1313,16
1314,18
1314,17
1314,5
1315,2
1315,7
1316,12
1317,4
1317,2
1317,20
1318,12
1318,15
1318,1
1319,2
1319,17
1319,12
1320,19
1320,3
1320,10
1321,19
1321,6
1322,15
1323,19
1323,6
1324,20
1324,19
1325,14
1325,19
1325,13
1326,10
1326,18
1326,15
1327,17
1328,5
1328,18
1329,19
1329,13
1330,19
1330,8
1330,5
1331,19
1331,4
1332,1
1332,17
1333,19
1333,7
1334,7
1335,6
1336,10
1337,14
1338,19
1338,18
1339,14
1340,1
1340,18
1340,16
1341,13
1342,4
1342,15
1342,14
1343,15
1344,7
1345,18
1345,8
1346,20
1346,8
1346,11
1347,20
1347,12
1347,8
1348,5
1348,18
1348,1
1349,1
1349,12
1350,4
1350,5
1351,19
1351,14
1351,11
1352,18
1353,13
1354,12
1354,18
1354,5
1355,9
1355,3
1356,13
1356,19
1356,20
1357,14
1357,3
1358,1
1359,16
1359,14
1359,4
1360,5
1360,7
1360,17
1361,19
1361,11
1362,9
1363,9
1364,18
1364,5
1365,19
1366,17
1366,9
1367,2
1367,1
1367,6
1368,8
1368,1
1369,17
1370,20
1370,13
1371,3
1371,2
1372,13
1373,7
1373,3
1373,19
1374,7
1374,11
1374,1
1375,3
1376,17
1376,2
1377,9
1377,3
1377,10
1378,20
1378,3
1378,11
1379,15
1380,6
1380,17
1381,19
1382,14
1382,5
1383,12
1384,9
1385,1
1385,16
1386,15
1386,10
1387,6
1387,2
1388,15
1388,5
1388,13
1389,5
1389,20
1390,1
1390,18
1391,16
1392,16
1392,13
1392,2
1393,19
1394,20
1394,3
1394,9
1395,13
1396,18
1396,9
1396,3
1397,7
1398,15
1399,3
1400,11
1401,6
1401,7
1402,13
1402,4
1403,18
1403,3
1404,1
1404,7
1405,4
1406,20
1407,1
1408,4
1408,8
1409,8
1409,17
1410,11
1410,5
1410,15
1411,18
1411,19
1412,13
1412,4
1413,7
1414,3
1414,18
1415,10
1415,9
1416,2
1416,6
1416,11
1417,5
1418,10
1418,17
1419,4
1420,9
1420,10
1421,8
1422,7
1422,9
1423,13
1424,18
1424,4
1425,15
1426,16
1426,17
1426,6
1427,3
1428,6
1429,3
1429,16
1429,18
1430,4
1431,7
1431,9
1431,17
1432,6
1432,19
1433,11
1433,16
1433,15
1434,14
1435,18
1436,4
1437,6
1437,18
1437,11
1438,1
1438,11
1439,19
1440,1
1440,16
1441,19
1441,18
1441,14
1442,4
1442,15
1443,2
1443,13
1444,8
1444,13
1445,5
1445,1
1445,12
1446,13
1447,5
1447,3
1447,6
1448,8
1449,12
1449,11
1449,6
1450,13
1451,12
1451,1
1451,11
1452,15
1452,4
1452,9
1453,19
1453,5
1454,3
1454,17
1454,6
1455,19
1456,11
1457,13
1457,15
1457,2
1458,19
1458,18
1458,9
1459,14
1460,20
1460,18
1460,10
1461,1
1461,6
1461,5
1462,11
1463,20
1464,8
1464,18
1464,14
1465,20
1465,9
1465,17
1466,5
1466,10
1467,11
1467,17
1467,18
1468,3
1468,20
1468,10
1469,15
1469,18
1470,15
1470,2
1470,20
1471,12
1472,8
1473,13
1473,15
1473,20
1474,7
1474,18
1475,6
1475,1
1475,15
1476,13
1476,3
1477,3
1477,15
1477,16
1478,18
1478,16
1478,13
1479,5
1479,19
1479,14
1480,16
1480,5
1480,19
1481,17
1481,19
1482,16
1483,2
1483,18
1483,11
1484,17
1484,1
1484,13
1485,6
1485,8
1485,12
1486,9
1487,12
1488,13
1488,11
1489,15
1489,19
1489,2
1490,4
1491,9
1492,6
1492,11
1492,12
1493,9
1493,6
1494,13
1494,15
1494,20
1495,5
1496,20
1496,10
1497,8
1498,5
1498,18
1498,9
1499,8
1499,7
1500,19
1500,4
1500,11
1501,6
1501,9
1502,11
1503,18
1504,16
1504,6
1505,13
1505,6
1506,6
1506,13
1506,8
1507,8
1507,11
1507,17
1508,12
1508,4
1508,8
1509,4
1509,18
1509,13
1510,12
1510,1
1511,16
1511,17
1511,9
1512,18
1512,11
1513,20
1514,16
1514,10
1515,8
1515,1
1516,10
1517,20
1517,4
1517,17
1518,3
1518,4
1518,16
1519,16
1519,6
1519,2
1520,17
1521,11
1521,19
1521,8
1522,2
1522,3
1523,7
1523,13
1524,3
1524,11
1525,15
1525,4
1526,11
1526,7
1527,7
1528,6
1528,12
1528,7
1529,16
1529,17
1530,8
1531,15
1531,11
1532,1
1533,9
1533,5
1533,4
1534,3
1534,2
1535,6
1535,15
1536,20
1536,17
1537,19
1538,16
1538,18
1538,2
1539,5
1539,16
1539,1
1540,12
1540,5
1541,17
1542,18
1542,12
1542,13
1543,5
1544,18
1544,14
1545,2
1545,11
1546,17
1546,14
1546,15
1547,15
1547,9
1547,10
1548,5
1549,11
1549,17
1550,9
1550,18
1551,11
1551,19
1551,14
1552,11
1552,10
1553,17
1554,10
1555,4
1555,3
1555,14
1556,1
1556,5
1557,2
1558,5
1559,12
1559,8
1560,8
1560,3
1560,20
1561,4
1562,11
1562,3
1563,1
1564,11
1564,16
1565,17
1566,14
1567,6
1567,4
1567,10
1568,10
1568,17
1569,20
1569,13
1569,19
1570,20
1570,16
1570,5
1571,8
1571,14
1572,15
1572,10
1573,14
1573,5
1573,1
1574,12
1575,6
1575,12
1575,10
1576,3
1577,7
1577,6
1577,18
1578,5
1579,3
1580,7
1581,5
1581,1
1581,10
1582,3
1582,2
1582,13
1583,1
1583,3
1583,17
1584,14
1585,16
1585,6
1586,18
1587,12
1587,1
1588,6
1588,16
1588,13
1589,3
1589,15
1589,6
1590,12
1591,15
1591,11
1592,12
1592,18
1593,9
1593,16
1593,5
1594,5
1594,19
1595,11
1596,20
1597,17
1598,15
1598,13
1598,18
1599,4
1600,2
1600,18
1601,15
1602,16
1603,3
1604,7
1604,20
1605,7
1605,19
1606,19
1606,6
1606,1
1607,6
1607,20
1608,19
1609,20
1609,7
1609,14
1610,4
1611,14
1611,11
1611,3
1612,10
1612,8
1612,18
1613,5
1613,8
1613,6
1614,12
1614,8
1615,18
1615,7
1615,11
1616,10
1616,9
1616,14
1617,16
1618,15
1618,16
1618,8
1619,13
1620,8
1620,1
1621,11
1621,9
1621,19
1622,16
1622,4
1622,6
1623,20
1623,19
1624,1
1624,6
1625,6
1625,15
1625,3
1626,2
1627,8
1627,15
1628,16
1628,4
1628,7
1629,11
1629,5
1630,18
1630,17
1630,8
1631,5
1632,4
1633,12
1634,2
1634,18
1635,6
1636,2
1637,18
1637,16
1638,15
1638,17
1638,19
1639,19
1639,15
1639,12
1640,7
1640,12
1640,17
1641,6
1641,8
1642,18
1642,13
1642,2
1643,7
1644,9
1645,8
1645,13
1646,3
1646,19
1646,11
1647,15
1648,12
1649,7
1650,19
1650,3
1650,1
1651,19
1652,19
1653,12
1653,1
1653,3
1654,7
1654,16
1655,17
1655,7
1656,20
1657,1
1658,14
1658,16
1658,3
1659,19
1660,3
1660,4
1661,13
1662,5
1663,5
1663,4
1663,7
1664,4
1665,15
1665,14
1665,20
1666,5
1666,2
1666,4
1667,3
1667,4
1667,19
1668,13
1668,4
1669,6
1670,4
1671,2
1671,15
1671,5
1672,11
1672,17
1672,15
1673,7
1674,7
1674,2
1674,10
1675,7
1675,14
1675,13
1676,7
1676,18
1677,6
1678,10
1678,17
1679,5
1680,6
1680,4
1681,10
1682,18
1683,13
1683,17
1683,5
1684,1
1684,19
1685,11
1685,5
1685,19
1686,10
1686,13
1686,5
1687,19
1688,12
1689,13
1689,3
1690,1
1690,7
1690,12
1691,19
1692,1
1692,4
1693,15
1694,5
1695,7
1695,14
1696,18
1696,11
1697,12
1697,13
1697,10
1698,7
1699,9
1700,5
1701,5
1702,2
1702,14
1703,12
1704,6
1704,16
1704,8
1705,16
1705,9
1705,2
1706,20
1707,2
1707,15
1707,3
1708,14
1708,19
1709,14
1710,5
1711,10
1712,4
1712,11
1712,19
1713,6
1713,1
1714,10
1715,8
1716,4
1717,20
1718,13
1718,16
1719,15
1719,12
1719,14
1720,20
1720,3
1721,15
1721,19
1722,12
1722,20
1722,10
1723,6
1723,8
1724,16
1724,4
1725,9
1726,14
1726,1
1727,2
1728,2
1728,4
1728,17
1729,2
1730,1
1731,14
1731,18
1731,8
1732,15
1733,9
1733,3
1734,6
1734,14
1735,2
1735,18
1735,1
1736,4
1736,12
1736,15
1737,5
1738,1
1738,4
1738,11
1739,2
1739,15
1739,3
1740,17
1741,14
1742,4
1742,8
1743,15
1744,8
1744,11
1744,3
1745,10
1746,17
1746,9
1747,10
1747,7
1748,6
1748,4
1749,7
1749,1
1749,19
1750,14
1750,6
1750,12
1751,17
1751,12
1751,15
1752,14
1752,9
1753,1
1753,7
1754,18
1755,11
1756,7
1757,13
1757,6
1757,15
1758,14
1758,13
1759,5
1759,3
1760,19
1760,3
1761,8
1761,5
1761,16
1762,2
1763,9
1764,14
1764,20
1765,10
1766,19
1766,1
1767,4
1768,15
1769,16
1769,15
1769,4
1770,2
1770,1
1771,9
1771,19
1771,8
1772,18
1772,3
1772,9
1773,1
1773,11
1773,8
1774,3
1774,11
1774,6
1775,9
1776,20
1776,17
1776,2
1777,10
1777,16
1777,13
1778,17
1778,16
1778,8
1779,3
1779,7
1779,15
1780,15
1780,4
1780,14
1781,20
1781,18
1782,10
1782,4
1782,14
1783,4
1783,5
1784,16
1785,2
1785,16
1786,19
1786,9
1787,8
1788,11
1789,6
1789,7
1790,17
1790,19
1790,10
1791,19
1791,4
1791,15
1792,3
1793,9
1793,6
1793,14
1794,5
1794,1
1794,7
1795,2
1795,17
1796,18
1796,6
1797,3
1798,2
1798,6
1799,1
1799,9
1799,4
1800,3
1800,8
1800,12
1801,20
1801,19
1801,17
1802,17
1802,19
1802,15
1803,4
1804,15
1805,18
1806,19
1806,10
1806,17
1807,3
1808,13
1808,9
1808,10
1809,5
1809,6
1809,4
1810,12
1810,17
1811,8
1811,19
1811,15
1812,12
1812,15
1812,1
1813,6
1813,2
1813,1
1814,18
1814,2
1815,16
1815,11
1816,3
1816,6
1817,13
1818,3
1818,10
1818,13
1819,3
1820,17
1821,19
1821,9
1822,20
1823,14
1823,18
1823,17
1824,15
1825,13
1825,19
1825,16
1826,2
1826,9
1826,20
1827,12
1827,8
1827,4
1828,3
1828,19
1829,4
1829,12
1830,2
1830,16
1831,8
1831,6
1831,16
1832,18
1832,20
1833,11
1834,13
1834,12
1834,4
1835,19
1835,13
1836,10
1837,2
1837,14
1837,10
1838,13
1838,20
1838,18
1839,9
1840,14
1840,1
1840,9
1841,17
1841,10
1842,3
1843,1
1843,5
1844,11
1844,4
1844,13
1845,6
1846,19
1846,8
1847,14
1847,9
1847,18
1848,5
1848,1
1848,17
1849,8
1849,9
1849,18
1850,18
1850,17
1851,20
1852,14
1853,9
1854,16
1854,5
1855,15
1855,19
1855,3
1856,1
1856,3
1857,10
1858,7
1859,19
1860,8
1860,12
1860,6
1861,14
1862,8
1863,16
1864,14
1864,1
1864,11
1865,8
1866,9
1867,18
1867,17
1868,13
1869,1
1869,6
1870,9
1870,10
1871,5
1871,9
1872,20
1873,14
1874,2
1874,7
1875,10
1875,9
1875,1
1876,14
1876,13
1876,3
1877,16
1877,3
1878,5
1878,9
1878,18
1879,18
1879,2
1879,20
1880,1
1880,13
1880,15
1881,5
1881,4
1881,9
1882,15
1883,14
1883,17
1884,8
1885,20
1885,6
1886,13
1886,9
1887,14
1887,18
1887,8
1888,19
1888,13
1888,18
1889,10
1889,17
1890,19
1890,10
1891,3
1891,11
1891,19
1892,9
1892,11
1892,2
1893,4
1894,5
1894,6
1894,2
1895,16
1895,12
1895,8
1896,13
1896,2
1896,12
1897,3
1898,3
1898,14
1899,2
1899,8
1899,18
1900,13
1900,7
1900,14
1901,8
1901,14
1902,5
1902,4
1902,17
1903,9
1903,11
1903,12
1904,2
1904,13
1904,16
1905,2
1906,20
1907,19
1907,10
1907,5
1908,17
1908,19
1909,6
1909,2
1910,13
1910,20
1911,9
1911,18
1911,14
1912,16
1912,14
1913,11
1914,9
1914,6
1915,10
1916,14
1916,12
1917,15
1917,11
1918,1
1918,19
1918,15
1919,11
1919,8
1920,17
1921,1
1921,14
1921,5
1922,12
1923,13
1923,20
1924,6
1925,11
1925,10
1926,4
1927,11
1927,12
1928,2
1929,14
1930,6
1931,6
1932,10
1933,15
1934,16
1934,20
1935,13
1935,5
1936,20
1936,3
1937,1
1937,4
1938,6
1939,4
1939,3
1940,17
1940,9
1941,17
1941,13
1941,2
1942,18
1943,4
1944,19
1944,17
1945,16
1945,20
1946,5
1946,7
1946,3
1947,19
1948,12
1948,15
1948,1
1949,15
1949,5
1950,14
1950,9
1950,6
1951,14
1951,3
1951,5
1952,4
1952,6
1952,2
1953,17
1954,8
1954,16
1955,8
1955,14
1956,19
1956,13
1957,2
1957,15
1957,18
1958,6
1958,12
1959,17
1959,6
1960,5
1960,4
1961,18
1961,8
1961,17
1962,9
1962,12
1963,2
1963,20
1964,14
1964,9
1964,10
1965,12
1965,10
1965,15
1966,5
1966,7
1967,4
1968,7
1969,15
1970,18
1970,16
1971,20
1971,3
1971,15
1972,13
1972,7
1973,10
1974,6
1974,16
1974,20
1975,7
1976,18
1976,13
1976,6
1977,16
1978,1
1978,18
1979,3
1980,13
1980,8
1980,2
1981,11
1981,7
1982,13
1983,8
1983,11
1983,18
1984,5
1984,9
1984,8
1985,8
1985,10
1986,2
1987,4
1987,17
1987,3
1988,13
1988,15
1988,16
1989,10
1989,17
1989,3
1990,12
1990,6
1991,9
1991,20
1992,12
1992,9
1992,19
1993,2
1993,18
1994,18
1995,3
1995,16
1996,20
1996,7
1996,15
1997,18
1997,4
1997,1
1998,11
1998,8
1998,4
1999,18
2000,17
2000,20
2001,9
2001,18
2001,13
2002,19
2002,20
2002,14
2003,17
2003,20
2003,5
2004,20
2004,2
2004,10
2005,16
2005,19
2006,5
2006,16
2006,4
2007,15
2007,5
2008,13
2008,8
2009,3
2010,20
2010,18
2010,13
2011,9
2011,6
2011,20
2012,7
2013,8
2013,19
2013,15
2014,17
2015,8
2016,4
2016,5
2016,20
2017,18
2017,16
2017,1
2018,6
2018,19
2019,6
2020,17
2020,2
2020,18
2021,6
2022,4
2023,4
2024,6
2025,6
2026,1
2027,17
2028,15
2028,14
2029,4
2029,2
2030,17
2031,20
2031,18
2031,16
2032,13
2032,4
2032,1
2033,3
2033,10
2033,7
2034,13
2034,3
2035,2
2035,8
2036,10
2036,11
2036,8
2037,3
2037,19
2037,17
2038,16
2039,14
2039,18
2040,5
2040,7
2040,11
2041,14
2041,19
2042,4
2042,2
2043,7
2044,1
2044,15
2044,13
2045,1
2046,9
2046,11
2047,19
2047,13
2047,15
2048,11
2049,2
2050,14
2050,13
2051,9
2051,3
2052,1
2053,13
2053,12
2053,10
2054,3
2055,8
2055,10
2055,1
2056,18
2056,11
2057,13
2058,19
2058,9
2058,16
2059,17
2060,1
2060,12
2060,18
2061,14
2062,18
2062,7
2063,18
2063,5
2064,18
2064,19
2065,20
2065,13
2065,6
2066,20
2066,15
2067,17
2068,18
2069,18
2069,20
2070,19
2070,4
2070,16
2071,16
2071,3
2071,12
2072,12
2073,14
2073,6
2073,12
2074,3
2074,19
2075,13
2075,1
2076,20
2076,8
2076,5
2077,3
2078,14
2079,12
2079,15
2079,17
2080,18
2080,6
2080,13
2081,10
2082,18
2083,19
2084,5
2084,3
2085,12
2085,11
2086,11
2086,4
2086,15
2087,15
2087,10
2088,3
2088,5
2088,16
2089,13
2089,6
2090,4
2091,18
2091,5
2091,9
2092,20
2093,19
2093,13
2093,5
2094,9
2094,6
2095,5
2096,16
2096,11
2096,17
2097,3
2097,15
2097,2
2098,9
2098,12
2098,20
2099,4
2100,12
2100,10
2100,20
2101,2
2101,11
2102,17
2102,5
2103,19
2104,5
2105,16
2105,1
2106,19
2106,1
2106,2
2107,13
2108,11
2109,9
2109,2
2110,6
2110,7
2111,9
2112,6
2112,17
2113,18
2114,11
2114,9
2114,1
2115,3
2116,17
2116,20
2117,6
2118,9
2118,15
2118,8
2119,5
2120,3
2120,13
2121,12
2121,1
2121,16
2122,2
2123,18
2123,2
2124,4
2125,12
2125,1
2125,6
2126,4
2126,3
2127,6
2127,14
2128,2
2129,12
2129,8
2129,15
2130,19
2131,7
2132,2
2133,3
2133,14
2134,11
2134,1
2134,19
2135,9
2135,3
2136,19
2136,10
2136,18
2137,11
2137,10
2137,8
2138,5
2138,19
2138,17
2139,14
2139,19
2140,19
2140,7
2140,14
2141,5
2141,9
2142,16
2142,4
2143,3
2143,17
2144,16
2145,10
2146,3
2146,7
2146,20
2147,9
2148,2
2148,5
2149,18
2149,13
2150,6
2151,15
2152,7
2152,12
2153,9
2153,17
2154,11
2155,14
2156,2
2156,13
2156,9
2157,14
2157,2
2157,20
2158,7
2158,19
2159,8
2159,9
2159,10
2160,17
2160,7
2160,18
2161,6
2161,11
2162,13
2163,10
2163,13
2163,5
2164,2
2164,11
2164,19
2165,15
2166,9
2166,2
2167,12
2167,15
2168,11
2168,12
2168,3
2169,13
2169,6
2170,19
2171,1
2172,2
2172,18
2172,11
2173,4
2173,2
2174,10
2174,1
2175,20
2175,4
2175,8
2176,3
2177,15
2178,13
2178,4
2178,1
2179,11
2180,15
2180,13
2181,6
2182,1
2183,20
2183,12
2184,11
2185,3
2185,6
2186,3
2187,5
2187,6
2187,15
2188,19
2188,12
2189,1
2190,14
2191,2
2191,3
2191,11
2192,11
2193,6
2194,19
2194,9
2195,20
2195,11
2196,15
2197,2
2197,16
2198,15
2199,7
2199,5
2199,15
2200,18
2200,2
2200,12
2201,19
2201,12
2201,1
2202,3
2203,1
2204,10
2204,7
2205,1
2205,7
2206,19
2206,4
2206,1
2207,12
2207,5
2208,7
2209,2
2209,17
2210,10
2210,3
2210,19
2211,10
2211,4
2211,8
2212,11
2212,6
2212,18
2213,12
2213,8
2214,19
2214,11
2215,2
2216,13
2216,3
2217,2
2218,16
2218,19
2219,1
2219,20
2219,13
2220,14
2220,18
2220,2
2221,18
2222,15
2222,16
2223,2
2223,8
2224,17
2224,9
2225,5
2225,7
2225,19
2226,10
2226,20
2226,12
2227,1
2228,13
2229,15
2229,13
2230,11
2231,1
2231,7
2232,12
2233,3
2234,7
2234,13
2235,9
2235,5
2236,6
2236,10
2237,15
2238,9
2238,6
2238,2
2239,6
2239,19
2239,5
2240,8
2241,11
2241,4
2242,1
2243,2
2243,19
2243,20
2244,14
2244,2
2244,12
2245,1
2246,18
2246,20
2246,14
2247,9
2247,8
2247,1
2248,4
2249,13
2250,15
2250,8
2251,20
2252,10
2253,11
2253,15
2253,20
2254,18
2254,20
2254,15
2255,19
2255,6
2256,6
2257,19
2257,14
2257,10
2258,13
2259,8
2260,14
2261,6
2261,1
2261,5
2262,12
2262,20
2263,6
2263,3
2263,9
2264,15
2264,1
2265,20
2265,5
2265,1
2266,4
2266,3
2267,6
2267,8
2268,18
2268,1
2268,6
2269,14
2270,6
2270,4
2270,20
2271,12
2272,4
2272,17
2272,16
2273,1
2273,12
2273,4
2274,4
2274,20
2275,14
2275,7
2275,18
2276,11
2276,18
2277,3
2277,19
2277,11
2278,15
2278,16
2278,6
2279,4
2279,13
2279,18
2280,2
2280,20
2280,11
2281,16
2282,20
2282,7
2282,3
2283,13
2283,5
2283,17
2284,16
2284,6
2284,17
2285,11
2285,10
2286,4
2287,5
2287,6
2287,16
2288,1
2289,6
2290,7
2290,10
2290,18
2291,8
2292,5
2293,9
2294,9
2295,16
2295,9
2296,7
2296,5
2296,17
2297,4
2297,3
2297,14
2298,19
2298,7
2299,1
2299,5
2299,20
2300,2
2301,7
2301,2
2301,9
2302,5
2302,8
2302,20
2303,15
2304,12
2304,5
2305,4
2305,8
2305,12
2306,7
2306,2
2306,5
2307,3
2307,14
2307,11
2308,14
2309,13
2309,7
2310,2
2311,20
2311,8
2312,15
2312,20
2313,13
2313,19
2314,20
2315,8
2315,5
2315,3
2316,1
2316,6
2316,3
2317,3
2317,16
2318,13
2318,2
2319,19
2320,17
2320,7
2320,4
2321,9
2322,18
2323,3
2323,13
2324,6
2324,5
2325,3
2325,7
2325,4
2326,16
2326,1
2327,2
2327,12
2327,13
2328,12
2328,14
2328,13
2329,2
2329,13
2330,13
2331,3
2332,17
2332,13
2332,12
2333,2
2333,10
2334,10
2334,9
2334,20
2335,2
2335,15
2335,14
2336,7
2336,10
2337,7
2337,8
2337,14
2338,1
2338,10
2339,20
2339,13
2339,6
2340,7
2340,5
2341,13
2342,14
2343,3
2344,5
2344,9
2345,14
2346,5
2346,11
2346,18
2347,11
2347,9
2347,5
2348,17
2349,2
2349,18
2349,16
2350,20
2350,4
2350,14
2351,8
2352,10
2352,3
2352,13
2353,8
2353,7
2354,11
2354,8
2354,5
2355,10
2355,15
2355,6
2356,2
2356,12
2357,8
2357,20
2357,19
2358,7
2358,2
2359,8
2359,3
2359,19
2360,12
2360,17
2360,16
2361,1
2361,12
2362,9
2362,12
2362,15
2363,13
2363,19
2363,9
2364,11
2364,15
2365,19
2365,9
2366,11
2366,7
2366,12
2367,14
2368,19
2368,16
2369,13
2369,20
2370,20
2370,17
2370,13
2371,14
2372,9
2373,3
2374,11
2375,12
2375,1
2376,1
2376,19
2376,11
2377,10
2377,17
2377,3
2378,6
2378,13
2379,5
2379,11
2379,12
2380,13
2380,20
2380,10
2381,6
2381,4
2382,1
2383,9
2383,5
2384,12
2385,19
2385,4
2385,9
2386,13
2387,10
2388,9
2389,18
2389,19
2389,7
2390,6
2391,4
2391,10
2392,10
2392,7
2393,2
2393,15
2393,14
2394,15
2395,4
2396,1
2396,20
2396,18
2397,4
2397,16
2397,17
2398,6
2398,5
2399,3
2400,18
2400,15
2401,18
2402,11
2402,6
2403,12
2404,9
2404,6
2404,14
2405,15
2405,9
2405,19
2406,16
2406,2
2406,4
2407,7
2407,6
2408,1
2408,17
2408,14
2409,5
2409,8
2410,15
2410,20
2411,19
2412,13
2412,11
2413,7
2413,20
2414,1
2414,4
2415,2
2415,20
2416,12
2416,5
2416,15
2417,3
2417,1
2417,12
2418,17
2418,2
2419,1
2420,16
2421,6
2421,5
2421,3
2422,6
2422,11
2423,7
2423,4
2424,1
2424,10
2425,19
2426,4
2426,7
2426,13
2427,3
2427,16
2427,6
2428,7
2429,7
2430,20
2430,12
2431,5
2431,17
2432,6
2432,1
2433,6
2433,19
2433,16
2434,12
2435,12
2436,12
2436,7
2436,8
2437,6
2438,15
2439,20
2440,17
2441,20
2441,6
2441,1
2442,12
2442,16
2443,8
2443,12
2443,20
2444,8
2445,14
2445,3
2446,12
2446,2
2446,16
2447,3
2447,2
2448,15
2448,2
2448,17
2449,13
2450,16
2450,4
2450,17
2451,7
2452,2
2452,4
2453,16
2454,5
2455,4
2455,12
2456,18
2456,8
2456,20
2457,18
2457,6
2457,3
2458,14
2458,9
2459,9
2459,13
2459,16
2460,11
2461,9
2461,5
2462,7
2463,5
2464,6
2465,17
2465,1
2465,4
2466,10
2466,9
2466,5
2467,18
2467,19
2468,6
2469,12
2470,2
2470,13
2471,20
2472,7
2472,12
2473,2
2473,13
2473,8
2474,16
2474,8
2474,3
2475,4
2475,18
2475,2
2476,13
2476,16
2477,4
2477,8
2478,16
2479,11
2479,8
2479,18
2480,4
2480,18
2481,5
2481,1
2482,3
2482,8
2482,13
2483,13
2484,2
2484,17
2484,10
2485,13
2485,8
2485,16
2486,12
2486,13
2486,3
2487,9
2487,16
2488,12
2489,9
2489,19
2490,6
2491,3
2491,12
2491,20
2492,9
2492,3
2493,19
2494,11
2494,20
2494,14
2495,1
2495,19
2496,3
2496,19
2496,13
2497,7
2497,19
2497,11
2498,18
2498,16
2499,6
2499,2
2500,1
2500,5
2501,9
2502,14
2503,1
2504,20
2505,16
2505,4
2505,5
2506,3
2506,5
2506,10
2507,7
2508,8
2508,14
2508,13
2509,18
2509,19
2510,15
2510,13
2510,2
2511,17
2511,16
2511,7
2512,6
2513,16
2513,20
2514,3
2515,6
2515,5
2515,15
2516,13
2516,1
2516,15
2517,19
2517,17
2518,20
2518,16
2518,18
2519,12
2519,8
2520,7
2520,19
2520,10
2521,4
2522,3
2522,13
2522,11
2523,7
2523,1
2524,19
2524,11
2524,6
2525,4
2526,2
2527,4
2528,3
2528,12
2528,1
2529,16
2529,13
2530,10
2530,19
2531,15
2531,10
2531,16
2532,2
2533,5
2534,18
2534,15
2535,10
2535,20
2536,14
2536,16
2536,13
2537,19
2537,15
2538,15
2538,10
2538,3
2539,7
2539,13
2540,14
2540,2
2541,11
2541,2
2542,14
2543,12
2544,8
2544,16
2545,2
2546,13
2546,9
2546,14
2547,6
2547,15
2547,19
2548,4
2549,19
2549,12
2549,5
2550,13
2550,8
2550,11
2551,2
2552,12
2552,19
2552,15
2553,1
2553,6
2553,12
2554,4
2554,6
2555,6
2555,15
2555,14
2556,7
2556,14
2556,10
2557,3
2558,20
2558,10
2559,20
2559,18
2559,11
2560,13
2560,12
2560,10
2561,14
2561,8
2562,11
2562,9
2563,8
2563,10
2564,9
2564,3
2564,10
2565,4
2565,13
2565,8
2566,8
2566,9
2566,19
2567,15
2567,10
2567,8
2568,9
2568,14
2568,20
2569,17
2570,18
2570,6
2570,5
2571,2
2572,11
2572,17
2572,14
2573,20
2574,16
2574,7
2574,18
2575,17
2575,19
2575,9
2576,8
2577,4
2578,19
2579,5
2579,2
2580,6
2580,4
2580,16
2581,16
2582,10
2582,17
2583,7
2583,10
2584,14
2584,12
2584,11
2585,19
2585,5
2586,2
2587,1
2588,10
2589,19
2589,14
2590,13
2590,3
2591,20
2592,19
2593,1
2594,12
2595,5
2596,7
2597,15
2597,11
2597,13
2598,17
2598,13
2599,11
2600,11
2600,16
2600,1
2601,14
2601,3
2601,7
2602,9
2603,12
2603,18
2603,10
2604,9
2605,11
2605,13
2605,19
2606,3
2607,8
2608,18
2608,12
2608,2
2609,10
2610,7
2611,6
2611,5
2612,8
2613,10
2614,10
2614,6
2615,14
2615,7
2616,4
2616,1
2616,10
2617,15
2618,19
2618,14
2618,17
2619,13
2619,18
2619,1
2620,18
2621,11
2621,5
2621,9
2622,19
2622,2
2623,3
2624,16
2624,15
2624,10
2625,15
2626,7
2626,2
2627,7
2627,11
2628,5
2629,18
2630,2
2630,6
2631,18
2632,9
2632,14
2632,13
2633,6
2633,15
2634,6
2634,7
2635,5
2636,5
2636,8
2636,1
2637,1
2638,11
2639,19
2639,4
2640,7
2641,8
2642,8
2643,9
2644,15
2644,20
2645,4
2646,14
2646,15
2646,12
2647,15
2648,5
2648,16
2649,20
2649,12
2649,11
2650,2
2651,9
2652,12
2652,7
2652,2
2653,6
2654,19
2655,9
2655,16
2655,6
