user_id,email,username,password_hash,first_name,last_name,date_of_birth,country,created_at,is_active
1,mason.johnson1@hotmail.com,masonjoh1,0b14d501a594442a01c6859541bcb3e8164d183d32937b851835442f69d5c94e,Mason,Johnson,1976-04-05,Portugal,2020-11-14 10:35:38,True
2,carlos.williams2@gmail.com,carloswil2,6cf615d5bcaac778352a8f1f3360d23f02f34ec182e259897fd6ce485d7870d4,Carlos,Williams,1980-06-08,Denmark,2025-02-13 09:46:12,True
3,elizabeth.rivera3@icloud.com,elizabethriv3,5906ac361a137e2d286465cd6588ebb5ac3f5ae955001100bc41577c3d751764,Elizabeth,Rivera,1990-02-24,Switzerland,2022-05-14 07:24:09,True
4,henry.hall4@outlook.com,henryhal349,b97873a40f73abedd8d685a7cd5e5f85e4a9cfb83eac26886640a0813850122b,Henry,Hall,1976-12-22,Spain,2022-11-11 18:18:31,True
5,mia.harris5@gmail.com,miahar368,8b2c86ea9cf2ea4eb517fd1e06b74f399e7fec0fef92e3b482a6cf2e2b092023,Mia,Harris,1997-01-30,Japan,2020-05-14 23:53:58,False
6,kenji.davis6@outlook.com,kenjidav_fan,598a1a400c1dfdf36974e69d7e1bc98593f2e15015eed8e9b7e47a83b31693d5,Kenji,Davis,1983-02-25,Ireland,2025-04-05 16:10:31,True
7,jack.rivera7@gmail.com,jackriv7,5860836e8f13fc9837539a597d4086bfc0299e54ad92148d54538b5c3feefb7c,Jack,Rivera,2004-09-04,South Korea,2020-09-04 21:43:15,True
8,lucas.harris8@hotmail.com,lucashar465,57f3ebab63f156fd8f776ba645a55d96360a15eeffc8b0e4afe4c05fa88219aa,Lucas,Harris,1977-04-18,Mexico,2023-01-08 18:54:13,True
9,nathan.hall9@gmail.com,nathanhal9,9323dd6786ebcbf3ac87357cc78ba1abfda6cf5e55cd01097b90d4a286cac90e,Nathan,Hall,1993-12-17,Portugal,2022-01-30 14:25:32,True
10,natasha.harris10@hotmail.com,natashahar_fan,aa4a9ea03fcac15b5fc63c949ac34e7b0fd17906716ac3b8e58c599cdc5a52f0,Natasha,Harris,1979-11-08,New Zealand,2022-10-04 12:16:23,True
11,avery.singh11@gmail.com,averysin825,53d453b0c08b6b38ae91515dc88d25fbecdd1d6001f022419629df844f8ba433,Avery,Singh,1987-12-30,Japan,2020-07-24 15:22:48,True
12,luke.wilson12@outlook.com,lukewil_music,b3d17ebbe4f2b75d27b6309cfaae1487b667301a73951e7d523a039cd2dfe110,Luke,Wilson,1976-05-29,Japan,2021-03-09 19:35:29,True
13,kenji.taylor13@icloud.com,kenjitay_fan,48caafb68583936afd0d78a7bfd7046d2492fad94f3c485915f74bb60128620d,Kenji,Taylor,1987-12-01,Mexico,2021-11-12 09:44:27,True
14,lucia.young14@gmail.com,luciayou,c6863e1db9b396ed31a36988639513a1c73a065fab83681f4b77adb648fac3d6,Lucia,Young,2008-08-17,Australia,2021-04-19 20:40:29,True
15,carlos.hill15@gmail.com,carloshil_music,c63c2d34ebe84032ad47b87af194fedd17dacf8222b2ea7f4ebfee3dd6db2dfb,Carlos,Hill,1996-09-24,Sweden,2024-07-01 21:37:30,True
16,emma.baker16@gmail.com,emmabak_fan,17a3379984b560dc311bb921b7a46b28aa5cb495667382f887a44a7fdbca7a7a,Emma,Baker,2003-09-07,Japan,2025-06-14 09:34:33,True
17,mason.jackson17@outlook.com,masonjac_music,69bfb918de05145fba9dcee9688dfb23f6115845885e48fa39945eebb99d8527,Mason,Jackson,1970-02-23,Portugal,2022-03-29 07:42:38,True
18,giovanni.mueller18@gmail.com,giovannimue892,d2042d75a67922194c045da2600e1c92ff6d87e8fb6e0208606665f2d1dfa892,Giovanni,Mueller,2007-10-03,Ireland,2024-04-26 06:05:17,True
19,evelyn.white19@yahoo.com,evelynwhi_fan,5790ac3d0b8ae8afc72c2c6fb97654f2b73651c328de0a3b74854ade562dd17a,Evelyn,White,1970-01-10,Austria,2022-10-04 02:49:39,False
20,liam.davis20@hotmail.com,liamdav900,7535d8f2d8c35d958995610f971287288ab5e8c82a3c4fdc2b6fb5d757a5b9f8,Liam,Davis,1980-09-28,United Kingdom,2022-01-18 08:41:14,True
21,elijah.campbell21@outlook.com,elijahcam,91a9ef3563010ea1af916083f9fb03a117d4d0d2a697f82368da1f737629f717,Elijah,Campbell,2004-02-13,Belgium,2021-01-25 17:23:01,True
22,pierre.scott22@yahoo.com,pierresco_fan,d23c1038532dc71d0a60a7fb3d330d7606b7520e9e5ee0ddcdb27ee1bd5bc0cd,Pierre,Scott,1997-03-18,Netherlands,2021-10-20 00:49:06,True
23,victoria.sanchez23@hotmail.com,victoriasan_fan,8b807aa0505a00b3ef49e26a2ade8e31fcd6c700d1a3aeee971b49d73da8e8ff,Victoria,Sanchez,1990-04-03,Australia,2022-02-09 05:10:57,True
24,oliver.perez24@gmail.com,oliverper_fan,fc8a9296208a0b281f84690423c5d77785e493f435e6292cc322840f543729d3,Oliver,Perez,1980-04-28,Switzerland,2021-11-15 04:35:55,True
25,isabella.rivera25@gmail.com,isabellariv,0b544d6d8da1d1af25318e97e0ac5f6bc70bba49919463dc0074ede01a49d381,Isabella,Rivera,1971-05-30,Brazil,2020-08-08 03:30:25,True
26,grace.nelson26@outlook.com,gracenel_fan,869f2a98b0e3a6ea928ff0542330ea3c1e0ff8591801693350f1fc3f1e57e4c5,Grace,Nelson,1975-12-08,Portugal,2024-11-09 04:03:33,False
27,ella.patel27@outlook.com,ellapat_music,9c7568513b9c85e73f3650c8b00e3259501096ccee9d3dbdae6ff5e84aabe3af,Ella,Patel,1978-07-17,Australia,2020-10-28 03:41:06,False
28,lily.ramirez28@outlook.com,lilyram,6f5ea1c4acc7a563ea8cb3381a55f0183a2394d679ebb7db8312e047bbf87e0d,Lily,Ramirez,2000-03-16,Ireland,2025-06-30 14:39:16,True
29,sophia.sanchez29@hotmail.com,sophiasan,48a94846b2a7386432b90ad13bcf9c66f1efdd3a97e0e14968c262c412fe22c8,Sophia,Sanchez,1981-02-25,Spain,2021-08-13 23:00:14,False
30,harper.ramirez30@yahoo.com,harperram_music,7c682dea8e934e04343374e3d25cd51edce9cbeb47f7034296052cb5cd6bed84,Harper,Ramirez,1981-03-16,Canada,2023-10-08 18:13:23,True
31,william.adams31@icloud.com,williamada,a4239ae1725466d26621f102d58c1541c84ff1142f4341c7b66be92e32396d45,William,Adams,1974-03-09,Poland,2022-01-04 09:43:56,True
32,wei.young32@outlook.com,weiyou_music,078aa4687601ab09b1f7581014674b3bf1a3aa68b12c346d01024f1f5206f94b,Wei,Young,1972-08-18,France,2023-03-23 10:17:02,True
33,zoey.taylor33@outlook.com,zoeytay_music,ee13b7d4c8c0595dcabf6016290d65d8a50163569368db690595d5acaa5a168b,Zoey,Taylor,2001-03-31,Portugal,2024-09-22 17:05:23,False
34,evelyn.gonzalez34@hotmail.com,evelyngon,72f1ffa2d7a9c9d60c2369fffce54372eea054d567c77f8a518f4f4c06b3856a,Evelyn,Gonzalez,1995-12-25,Portugal,2024-08-11 13:00:17,True
35,luke.brown35@gmail.com,lukebro_music,5bd40f88c4a6b2c20256389878ec2b59515ca478eb3eb0f3673663273bcb639b,Luke,Brown,1992-07-22,Denmark,2021-05-04 03:02:06,True
36,lucia.garcia36@yahoo.com,luciagar_fan,9777509ca199ac591368c5cfa9ef92b4879ff99098b7e34865172a5ea983542e,Lucia,Garcia,1973-01-18,New Zealand,2021-12-31 18:04:25,False
37,amelia.tanaka37@icloud.com,ameliatan_fan,ca02485287fd4f05de9540613f8ba982e99080b66f8452024cb4c4cc3de7042e,Amelia,Tanaka,1996-09-01,United Kingdom,2025-04-08 08:25:58,True
38,yuki.nelson38@icloud.com,yukinel_fan,014d020993865f93b80ec587e171554db5b45a1a46a9101510de52e148aa184f,Yuki,Nelson,1984-03-11,Japan,2021-09-26 14:40:11,True
39,samuel.taylor39@outlook.com,samueltay135,f245ffb6352c8c101b0f9ed1187104f11e0a64622cc5da7082aef963dea5a83f,Samuel,Taylor,1990-07-06,Brazil,2020-08-13 09:12:24,True
40,ivan.flores40@icloud.com,ivanflo,825e233a9d192f81d3f6780cb8e181af518054a8d9c83381882e573eed014df2,Ivan,Flores,1994-02-12,Spain,2024-04-20 17:29:48,True
41,ethan.schmidt41@hotmail.com,ethansch,a13b6ab0bb26b7d8bf31628b3b524efade4ac5b02712a95210c0abda5148ec85,Ethan,Schmidt,1980-12-16,Mexico,2022-06-04 10:12:01,True
42,ahmed.chen42@icloud.com,ahmedche721,fe404abb6785bd17ac4c937c2837d3ad6d6ac1ed17e099a89a9c5e18d1e936fe,Ahmed,Chen,1997-06-09,Ireland,2024-07-01 08:40:36,True
43,dylan.schmidt43@gmail.com,dylansch43,fe4597a9d0a16c51ab5c8224dae83f170b69cede0f1a7f40f447f163dcbf9295,Dylan,Schmidt,1981-11-12,Australia,2020-11-28 13:10:50,True
44,nathan.jackson44@icloud.com,nathanjac216,f9d07093d0de736c8881640c3e55714bebd5faf5d6ebbfb41e486e1660c8fc0e,Nathan,Jackson,1979-02-18,New Zealand,2025-05-24 12:12:34,True
45,giovanni.young45@hotmail.com,giovanniyou,0528d31561cee040ee92e2857a2d71a373605b91da87d09ae5359a0689c45e6c,Giovanni,Young,1974-02-21,Ireland,2023-08-09 00:05:55,True
46,ava.smith46@hotmail.com,avasmi46,f7944ecca058c63c386de56353cddf278c98f3143bd4a00bb0b2015adb69ed39,Ava,Smith,1998-07-31,Japan,2021-05-17 00:25:31,False
47,carlos.scott47@gmail.com,carlossco,7ff9543ea5b226aeb9dcbf13672c32e62623e70edc4177512b169ec4e39846ea,Carlos,Scott,2000-12-30,Germany,2024-08-22 02:09:39,True
48,aubrey.nguyen48@icloud.com,aubreyngu_music,172e362eecb6dff98dbeb4a7c42367109c1b288ecf45ff271fb79acd352ba8f9,Aubrey,Nguyen,1975-09-20,United Kingdom,2022-08-15 17:24:30,True
49,ava.yamamoto49@hotmail.com,avayam49,3cd00931dd1de5d07fcafb463ba5c4d95d31dca8a35480cac4a2beb771cb90df,Ava,Yamamoto,1999-12-02,Australia,2023-01-03 20:11:24,False
50,evelyn.schmidt50@yahoo.com,evelynsch50,b5d966eb0c2845953fab12c306c906a3561162262115c3b6fc19aead8d142157,Evelyn,Schmidt,2005-11-18,France,2023-07-04 22:53:58,True
51,sebastian.mitchell51@hotmail.com,sebastianmit_music,b799be36e0059d7867f1379a24171b2b09d91be5d2cac0a12d97c0302a6b07ce,Sebastian,Mitchell,2005-12-26,New Zealand,2022-02-10 00:41:26,True
52,henry.patel52@gmail.com,henrypat,9626a29ac1d7006741337f6ebc6a5a41cfdc3aa65d2b10ff9cda937c6a7fd35b,Henry,Patel,2008-07-07,Norway,2021-11-22 01:51:36,True
53,ivan.thompson53@hotmail.com,ivantho53,a60f6d009343ab015ee59fa2ff29e5aa12dd69aa7a7285f15e1fdec6ce7407d7,Ivan,Thompson,1980-01-01,United States,2025-08-12 15:38:29,True
54,priya.perez54@hotmail.com,priyaper,49a9b3d96db1310ff79b9ae1cdb1e148b4d5995b7f889e5ad2b611f452fecf71,Priya,Perez,2004-09-09,Japan,2022-12-26 23:21:11,False
55,kenji.perez55@gmail.com,kenjiper119,92b32cbd4cc1b06d83ec4c305c52d651b9c125a7b12dbb7c6a1cf796f6e389e5,Kenji,Perez,1978-01-04,Switzerland,2022-04-04 18:36:24,True
56,charlotte.hill56@outlook.com,charlottehil354,58bcc70c0e1ead10857a4b2deb02f167a42461fe5ff5b0040f93ef822b538c2c,Charlotte,Hill,1989-07-29,Austria,2024-05-07 22:28:02,True
57,zoey.yamamoto57@icloud.com,zoeyyam195,5436508fb28e193da4a51c675d96e1d412d5e2ab3e128e509a27efccff2a9240,Zoey,Yamamoto,1971-12-29,Singapore,2023-09-16 18:48:19,True
58,miguel.schmidt58@icloud.com,miguelsch58,5613bf613df8da20ca171ba2110c3b2558506e8e0af57891dcf0c056f41b7718,Miguel,Schmidt,1986-05-04,Netherlands,2020-08-05 09:37:30,True
59,luke.nelson59@gmail.com,lukenel738,fe38739fb81956f6064587c7a78565fa71448c44408b48012122e7e7ea83e1a6,Luke,Nelson,1992-09-30,South Korea,2025-09-02 23:08:20,False
60,riley.sanchez60@hotmail.com,rileysan60,25b30bd22b6218deda2022fccd2c726bd6da37b4b624ca72028b587bed7b8908,Riley,Sanchez,1978-08-10,Netherlands,2025-08-27 20:43:54,False
61,sebastian.flores61@icloud.com,sebastianflo_music,a94483aff86454580a66cf4794f417e1b406b6dde7de2e5796a4a0b3e07356b6,Sebastian,Flores,1994-07-31,United States,2022-08-02 02:33:31,True
62,aiden.ramirez62@icloud.com,aidenram622,c1ce757c52862f31178c2e77cb391dc605735ea5416c50d2b68dd1c0f559049e,Aiden,Ramirez,1990-11-10,Sweden,2023-10-05 17:49:26,True
63,lucia.walker63@yahoo.com,luciawal,1d4a516ebe2acdffd5da7ab190d0c61871ba892df25f528915a84e787360a78f,Lucia,Walker,1982-09-24,Denmark,2025-08-24 12:31:47,True
64,mia.singh64@yahoo.com,miasin689,863ecfd7228c0856c236ce48331bf756489d8faade33e7d8d8762c52841a4f58,Mia,Singh,1980-01-29,Spain,2021-04-02 19:30:28,True
65,ava.thomas65@outlook.com,avatho,893f05cca9f0bdf66d78944a09e9cbe3a1ddc76838e329cae5d22a339b45e272,Ava,Thomas,1990-06-06,Netherlands,2025-05-10 14:42:37,True
66,zoey.young66@outlook.com,zoeyyou66,60dbb6453448c39993cdd41edf3451a7d5e0eaf298207ee001f110c4d7785c8c,Zoey,Young,1999-06-06,Singapore,2020-01-18 05:27:04,True
67,carlos.anderson67@yahoo.com,carlosand_fan,fb8a6ce5d0214341f9c78591b4e4ef31050cc952a56ef18c3a597fe0dcb3cd49,Carlos,Anderson,1990-11-03,United Kingdom,2024-09-27 19:11:19,True
68,amelia.robinson68@yahoo.com,ameliarob_music,88e43563eb048331cecc5f4f6823b2328bb482be858f5984ec8fe93e6bad1e78,Amelia,Robinson,1999-12-12,Denmark,2024-10-02 12:29:25,True
69,ahmed.flores69@icloud.com,ahmedflo_fan,7109b84353bb31d935391d9294fe71155d9e618e1273b2f1531e912318610f60,Ahmed,Flores,1990-01-01,France,2024-01-14 18:17:28,False
70,scarlett.carter70@yahoo.com,scarlettcar861,34fe23cf9636ea9d587823e90887a150c7e22e6f330dcae8ff5d3fa1bbc37852,Scarlett,Carter,2004-05-09,Poland,2024-06-07 14:55:53,False
71,samuel.moore71@outlook.com,samuelmoo80,c4f0ad5f4a97c4ba3bc11f6d661db99bcc08cd3121e329363c7155984a0c7328,Samuel,Moore,1980-07-08,Japan,2022-11-09 10:36:27,True
72,sakura.garcia72@yahoo.com,sakuragar72,caf36247fd592c6b1812c628345b69b920ece1c8ea3e15242862befcc8707288,Sakura,Garcia,1987-03-08,Singapore,2021-04-19 17:59:10,True
73,oliver.clark73@outlook.com,olivercla_fan,e156770ced012a06461e24cd9a8318aae9a83acaab7b277ff104d4397e89be88,Oliver,Clark,1990-11-25,Netherlands,2020-07-12 10:52:05,True
74,yuki.harris74@icloud.com,yukihar,866cd269d3ff5014cece938df15524672537b7253b659875c9a8531f2d8d169c,Yuki,Harris,2008-06-06,Poland,2024-11-23 14:35:01,False
75,sophie.smith75@hotmail.com,sophiesmi_music,d6afbbefeb937109f96b5f5421c8eb64694e8e2d4534cefffa5ba4a805f629f7,Sophie,Smith,2008-04-13,Netherlands,2024-07-30 04:38:02,True
76,hans.anderson76@hotmail.com,hansand_music,e57a2fc7529930d46edee4d20ee17e70001fd51a267c11768f9a0dc6dab2fdc1,Hans,Anderson,1971-04-21,India,2022-11-10 07:38:06,False
77,abigail.chen77@outlook.com,abigailche77,3ce2c52df9e92052d433b2449b5f33dd97c344aaeffd9f5e006a3ae933126a5a,Abigail,Chen,1997-11-30,Belgium,2020-03-24 18:45:51,False
78,olivia.garcia78@outlook.com,oliviagar_music,98bbb2f3c8ffa8e403751db051f7b5a31498137940e50b01d237557a89bdd124,Olivia,Garcia,1978-02-25,United Kingdom,2022-03-19 06:39:38,False
79,riley.wilson79@outlook.com,rileywil335,2cc0d1f43b0e59cc929a49d62414227944658c64e5e449964efd054768e14173,Riley,Wilson,2004-02-23,India,2022-05-14 12:19:01,False
80,ryan.chen80@gmail.com,ryanche,24069004ae289e583afeb41e969e0f2b8c1b7d80326dcf9be9ec7411698dd33b,Ryan,Chen,2003-08-08,Belgium,2020-06-10 19:47:02,True
81,owen.adams81@gmail.com,owenada,bef99eeb6e6389703b5318b99ea03d8d9187f9800374c466fd2a6ae64da3c8ee,Owen,Adams,2003-11-01,United States,2022-02-07 06:46:46,True
82,liam.flores82@yahoo.com,liamflo82,f3ea05e3c808ef144db4f1d98793db15f1d0f6a0b6e149bafa4d876e9d560f25,Liam,Flores,1991-03-30,New Zealand,2020-12-21 09:29:43,True
83,natasha.hall83@hotmail.com,natashahal786,a716312b9827d16a1b61a468c1760d0d315ec621f6223f90abf85579e1f50c61,Natasha,Hall,1977-07-12,Austria,2025-03-01 15:39:16,True
84,henry.martin84@gmail.com,henrymar,408184fd8069021a6d8c87e0d8c7e94784051d9202d64dbc921e9b0541fb41a0,Henry,Martin,1983-12-30,Switzerland,2025-10-05 10:40:27,False
85,raj.rivera85@yahoo.com,rajriv_fan,879fbfd675a34ad3b2724c4ec94988dc267c8e2492aa9dd8010964ca9c4c90fb,Raj,Rivera,2000-12-24,Ireland,2022-01-24 12:09:45,True
86,dylan.wang86@icloud.com,dylanwan,a6ece1b636088887bed0d98612613b3700fe1425531d8726c5fc973a61e8dde3,Dylan,Wang,2005-09-19,Switzerland,2020-05-07 14:20:11,True
87,kenji.ramirez87@hotmail.com,kenjiram_fan,0e3d1ff5111b4fe10af191b5bf69378159bd7ca6cba1eb7262a405c18088afe2,Kenji,Ramirez,1999-01-18,Brazil,2020-02-09 07:24:44,False
88,hans.miller88@outlook.com,hansmil984,d40a16374040c8925cbef829db5fe9081e2b2e7fa968146b68a0555290ef0cb4,Hans,Miller,1998-07-06,Sweden,2021-04-20 07:50:48,False
89,sebastian.campbell89@icloud.com,sebastiancam989,e2498760a6015150f28936de701f73a4fc8797cfcdfdde37bfc5d2e1d377eef9,Sebastian,Campbell,1997-08-18,Belgium,2024-02-11 04:11:13,False
90,maria.singh90@icloud.com,mariasin275,a5536e54583b2a30f0a9048e0ac4be50d154e5c0b0b736ea23552154628f7142,Maria,Singh,2008-03-16,Italy,2020-09-26 06:03:14,True
91,fatima.thomas91@outlook.com,fatimatho_fan,a008bcb423edd46dd39bf5633677d70d7e92f05295fa94ad86d67ad5a97fa4a7,Fatima,Thomas,1999-12-22,India,2022-11-11 03:33:01,True
92,anna.wang92@hotmail.com,annawan_music,6a625e69e990b5f6a093a7b0acb4156ad7c8e705245f5b91e0aa740f90d1e173,Anna,Wang,1979-07-08,Mexico,2022-03-13 16:09:07,True
93,grace.tanaka93@icloud.com,gracetan719,d7564185a138164df46bfd84a11627c0fdd37295b89ae7230afdd51c0c983b77,Grace,Tanaka,1994-12-07,United States,2024-05-24 02:31:11,True
94,elijah.thomas94@outlook.com,elijahtho_fan,639b2151255f1fadb444ef3fdcc9ade5fdb385395b338528746905ba8c52ba27,Elijah,Thomas,2004-01-04,Italy,2025-11-15 15:33:53,False
95,hans.lewis95@gmail.com,hanslew96,ea1a2d06bbb09a6ea84f918fdb18ac17615365afa5ff09ac73eaf6e68cb5352f,Hans,Lewis,1979-12-10,India,2025-11-19 07:23:20,True
96,victoria.nelson96@icloud.com,victorianel_music,7d1efd5e066097bb201fe40e651bea92f53b9a3e8c99cd76e15030f9d072c2d8,Victoria,Nelson,1994-10-30,Denmark,2022-12-04 00:24:32,False
97,gabriel.thompson97@outlook.com,gabrieltho278,048a93fe25bed33f6e0d37f4ed4b53a39b2201ebe7dae0fad74eb52e7ce5c3bc,Gabriel,Thompson,1981-04-11,Italy,2021-01-09 20:45:16,True
98,luke.davis98@icloud.com,lukedav98,1a52ea1a2b0f7dbbc246387f37b6a1ee0bae2a7d3de65139e54dbd325a8cdf8d,Luke,Davis,1978-08-05,Spain,2024-02-13 08:27:48,True
99,carmen.hill99@hotmail.com,carmenhil99,5f5b24ad65531525ddcccace0598dafaa386e30749babf12c7b0cda2af45c582,Carmen,Hill,1983-04-16,Italy,2023-01-26 05:14:34,True
100,dylan.smith100@icloud.com,dylansmi130,b3351ed9be23d5ad99cc73bdc1aed73913503f064534ead302d7485b72b072fe,Dylan,Smith,1972-01-16,United Kingdom,2024-09-15 05:26:06,True
101,ethan.green101@outlook.com,ethangre,5c773b22ea79d367b38810e7e9ad108646ed62e231868cefb0b1280ea88ac4f0,Ethan,Green,1995-10-02,South Korea,2023-12-29 08:46:22,False
102,ahmed.perez102@yahoo.com,ahmedper,3233c5e43b1a0d2a03c8a6fc981fe3bad46b9fee5ca59d53f6a531325cd3a433,Ahmed,Perez,1981-04-29,Norway,2020-12-20 10:57:12,True
103,priya.young103@gmail.com,priyayou,c14883c02091c283d24d22edf9adbcbd13cc43e564e47e30d600033885c49af5,Priya,Young,1976-10-21,Germany,2024-10-14 16:21:42,True
104,elijah.thomas104@gmail.com,elijahtho_music,825242929f5adfd5c4b9318e95c1a83584367d888172d1453ef3a855ed704453,Elijah,Thomas,1997-03-13,Austria,2025-04-05 08:36:52,True
105,miguel.harris105@outlook.com,miguelhar_music,bb10f0c847be9e4cd43dca85e1e42763e357207c04598a082f276f8b7a36c8f7,Miguel,Harris,1983-05-04,Switzerland,2023-08-25 07:52:12,True
106,sophia.flores106@gmail.com,sophiaflo106,44130b0a209dc581fac72493a9dfc8ccf4b9078508af9380bfe77d04ecb23159,Sophia,Flores,1998-01-22,Spain,2022-04-02 05:26:43,True
107,henry.thomas107@yahoo.com,henrytho,3cd4e74734d6a5afbaf9587f8a912079652e9bc0487322799410f11dd11cb44a,Henry,Thomas,1977-01-08,United States,2023-06-23 05:16:40,False
108,pierre.jackson108@gmail.com,pierrejac238,2f17420c172e9e934450105eb1c36dd2614eed322e5df28451bede05ad0f2e71,Pierre,Jackson,2001-09-17,South Korea,2025-12-24 02:33:04,False
109,isabella.baker109@yahoo.com,isabellabak947,1df0dc0efb2f08b28cac248f58cd53e7b2aedc52c077377502aff69f24c71b60,Isabella,Baker,2005-05-04,Ireland,2025-01-06 09:53:56,True
110,carlos.davis110@icloud.com,carlosdav110,95fb0af62545c323ad3da1c09717b417c9c5dbe4e2c9035432d0955116e287e9,Carlos,Davis,1981-12-01,Germany,2020-08-09 20:42:12,True
111,abigail.patel111@hotmail.com,abigailpat_fan,19cb0711df0a5c9915c57bc8209b23da7b9ecae22627bc957eb25bcf53182a81,Abigail,Patel,1982-12-12,Sweden,2021-01-21 08:28:50,False
112,dylan.hall112@outlook.com,dylanhal966,d46b5cd9c1456e3059258a411faf8bbb0253c190cc5acb488f999e1b1421f83b,Dylan,Hall,1992-06-13,Belgium,2024-03-14 04:02:24,False
113,elijah.hill113@gmail.com,elijahhil_music,aea8daf3a148ce45e76153ed649274b763a59ca0ef9236215bdcf1cfce4f2038,Elijah,Hill,2002-12-13,Brazil,2025-02-18 16:09:07,True
114,olivia.garcia114@yahoo.com,oliviagar_fan,b9017426fea49b27d2d258db21d76dc99596b297493132bbe1829c98a4b33cc4,Olivia,Garcia,1996-05-03,United States,2025-09-19 16:56:53,True
115,ava.carter115@yahoo.com,avacar_fan,c5b0eb31b1858c5768899883986d251cef6edfc2555e231f0dec7a7d16fbfa99,Ava,Carter,1999-03-24,Sweden,2022-05-14 04:51:27,True
116,maria.green116@outlook.com,mariagre,252acd35e7485aa79b5d30daedd4b463e164f0b2fb403e770a5445a6dc046f3e,Maria,Green,1991-01-31,Mexico,2023-06-22 16:38:27,True
117,riley.nelson117@gmail.com,rileynel117,8c64014ba541b903dfe05dbd56aa863f7b602b51eba38ecbe354dfdfe08076b7,Riley,Nelson,1984-10-17,Netherlands,2025-11-25 04:03:28,False
118,caleb.nelson118@outlook.com,calebnel_fan,922a94711d4fcb2c512ca1463393d75ad3cccd820493f66afa1165ee70f24ebb,Caleb,Nelson,1971-08-25,Sweden,2020-09-30 14:12:50,True
119,ryan.lee119@gmail.com,ryanlee_music,3a124b5ae21189adc66dfd33c32e90fec5cbbc825d8ae6672f5ed89a7fea407b,Ryan,Lee,2008-10-18,Denmark,2020-01-04 13:49:46,False
120,wei.brown120@yahoo.com,weibro531,43d496703f53d1c01e3365c49d173c6130a00ff6a5d3e613c228bb5e7d23bec8,Wei,Brown,1997-12-06,Poland,2024-03-28 18:20:22,False
121,william.wilson121@hotmail.com,williamwil121,35b40e725f79eebee4d02e8faec9b81c683c5f9aa9ed4457d0cf0ee89ffb9c0c,William,Wilson,1982-12-03,Sweden,2025-12-09 09:17:45,False
122,amelia.johnson122@icloud.com,ameliajoh122,c660725919c1c20945cca28ed9944edaf8f4c6a11310c1024e30bd528d0f6c13,Amelia,Johnson,2001-11-03,France,2022-08-23 11:12:35,True
123,wei.garcia123@yahoo.com,weigar,ef92b778bafe771e89245b89ecbc08a44a4e166c06659911881f383d4473e94f,Wei,Garcia,1990-09-13,Australia,2025-07-05 08:44:05,True
124,anna.schmidt124@hotmail.com,annasch522,33631376724e5d5480fa397dfcf03b66ad47b934ab495174d7058c38f2bb0087,Anna,Schmidt,1988-08-21,Norway,2024-01-07 03:15:32,True
125,ivan.scott125@yahoo.com,ivansco125,f974ef14e161774091b3dd7350110d5a23b73e15d1fa68a69de0e6d981f76dac,Ivan,Scott,1996-11-20,Denmark,2021-02-28 02:47:59,True
126,grace.roberts126@outlook.com,gracerob_fan,d42ba32b8703fe9bcffc5c16b6c5679363d595724c63a0ed111ac59a1d467070,Grace,Roberts,1981-12-26,United States,2022-05-28 18:00:11,True
127,hans.kim127@yahoo.com,hanskim_fan,4fa29f8e091719146327604cc5d6e112b1999134dbefbf05f991f5c0fd648017,Hans,Kim,1991-09-23,Mexico,2022-10-29 20:31:10,False
128,ivan.schmidt128@hotmail.com,ivansch128,f11026cad6ec0b7bbe12d040560218f64c02cd99d9b2b47838ba081f1f54f0d4,Ivan,Schmidt,2001-04-15,Italy,2024-11-11 12:19:21,False
129,avery.wang129@outlook.com,averywan45,1cf4314ed60f4e34ec6376a4f82ace4cd4faa7133552bd244bb129f73f3e4371,Avery,Wang,2003-05-29,Norway,2025-12-31 01:36:07,False
130,zoey.nelson130@yahoo.com,zoeynel,fdaf316691c0233b44908b805a61d61682233bcd8c3430cbc3a16d200ab908cd,Zoey,Nelson,1975-08-31,Denmark,2025-01-07 15:02:32,True
131,lucas.kim131@outlook.com,lucaskim_fan,4b8a7c00cee5d73f6a094a7095fba692247d3de6a261df071ab59db42df78bf5,Lucas,Kim,1990-07-01,United States,2021-03-23 21:00:24,False
132,evelyn.jones132@outlook.com,evelynjon801,376cd0595988f48b61e91a47e1c7e78cb2e42f73aa984c49851baad93548789e,Evelyn,Jones,1985-03-09,Austria,2025-11-22 03:47:55,False
133,elijah.wang133@hotmail.com,elijahwan_fan,8ec4150249673d68cdde05f8d364578e69878cc21f98205024403e68df7809f5,Elijah,Wang,1987-01-18,Brazil,2025-05-01 09:32:02,False
134,sakura.williams134@icloud.com,sakurawil134,29974380eff53400aaecf88ef63c5db77631b6da40a36853b4a8ab592f2c7cee,Sakura,Williams,1998-04-24,New Zealand,2022-06-11 20:31:53,True
135,mia.ramirez135@gmail.com,miaram,41c52b123c21d057c0c940e03599bf91d66ff19f8aea217bc7519c39178bc748,Mia,Ramirez,1989-11-26,France,2025-11-26 04:28:38,True
136,olivia.williams136@hotmail.com,oliviawil,6684f5edecf3ee57dee572b07e1fe5754b1636e52daa5e9ab5aad347b2f0b870,Olivia,Williams,1983-02-28,Mexico,2023-03-10 14:10:38,False
137,alexander.thomas137@icloud.com,alexandertho_fan,5246cce8a20f2dd8b319bad141b67a3618d264fd8a1007410a94b15f3ea44df7,Alexander,Thomas,2000-08-01,France,2021-06-12 02:53:58,True
138,elijah.flores138@outlook.com,elijahflo138,e91302d3e7967b6f929769177a2239136805d840984767f98be1adbd4c879da1,Elijah,Flores,1992-04-28,Switzerland,2021-03-20 15:37:51,True
139,natasha.green139@hotmail.com,natashagre471,fd157624e9b66cea984775718a575eb50870e62afbdce868aed53f3c8e19f1f6,Natasha,Green,1999-11-30,United States,2023-12-16 11:47:49,True
140,sakura.hernandez140@gmail.com,sakuraher453,e04a387e36bfe81fff02a09d9ef010c35466cc20ebd08b0c23be31a7f9bab368,Sakura,Hernandez,1996-05-10,South Korea,2025-06-08 02:43:21,False
141,ryan.robinson141@hotmail.com,ryanrob_music,94bea607efe4e7435e1cac4a710e80ed915b722978463426d824d167da0fbf22,Ryan,Robinson,2008-04-12,Norway,2020-11-27 08:38:39,True
142,grayson.torres142@hotmail.com,graysontor589,404efa37375fa762663841baaa7a82310f8b9fd5ea9cb687ac977b9d62d39d36,Grayson,Torres,2001-05-14,South Korea,2020-03-09 03:56:05,False
143,grace.smith143@icloud.com,gracesmi,4e7388c7dae5f47d4aaaad0f4dd6fc6eb80be023949efeaad42594d7a85e5673,Grace,Smith,1997-03-15,Portugal,2024-03-23 06:40:15,True
144,avery.hill144@hotmail.com,averyhil144,ad6cd891ccf7d78ead86fb2788e8a32948d59b001706bce811750a9e77471060,Avery,Hill,1997-11-07,Japan,2025-10-06 17:46:51,True
145,lucas.yamamoto145@gmail.com,lucasyam_music,03f7c686af0e3374975141ab84edb5a67b24fbff8f13df0cb808389138a8d360,Lucas,Yamamoto,1971-07-01,Switzerland,2023-02-07 14:01:31,True
146,mia.mueller146@hotmail.com,miamue_music,4872a853626492ff72109012c9110e97f1100437e595100c74ca04cb4d6bf526,Mia,Mueller,1977-11-17,Spain,2021-02-14 14:32:55,True
147,carmen.allen147@hotmail.com,carmenall147,d601d7629b263221dd541a3131d865a9bcb087e3edc702867143a996803307ab,Carmen,Allen,1981-07-12,Norway,2022-07-05 23:20:29,True
148,mason.robinson148@gmail.com,masonrob148,0e810497cdad0ea5978e129e19ae8c288f1573f71669c50e1bd7968d1ee662dd,Mason,Robinson,2008-08-01,New Zealand,2025-09-26 07:22:23,False
149,isaac.garcia149@outlook.com,isaacgar15,da6a634892307a507197dbb469069547cb35e45d38b23e154197027afcde091f,Isaac,Garcia,1994-01-26,Australia,2023-11-13 23:18:15,True
150,scarlett.nguyen150@outlook.com,scarlettngu843,c2141786d5c40007fdda8d5cdf5b541213c82e3b408723b4fb0a80697123c002,Scarlett,Nguyen,1974-11-11,New Zealand,2021-12-27 11:01:29,False
151,olivia.flores151@icloud.com,oliviaflo_fan,9bbb50179d8b0770184054e69fc1693b0920694593c623fa98d1175448883d49,Olivia,Flores,1979-12-06,Ireland,2020-07-15 09:48:14,False
152,dylan.adams152@outlook.com,dylanada152,5389dd6d1688b2f44a2a4c11ffe457b42e7b289e019d1df6d64287231eb6fa37,Dylan,Adams,1972-01-13,United Kingdom,2022-08-03 15:04:04,False
153,mason.miller153@yahoo.com,masonmil_fan,495fa1f7a3b546c9ac14ced6a612f70085c7cfdd0a0b80e8bcf2d46229669a17,Mason,Miller,1976-02-01,India,2023-11-10 10:07:48,True
154,sakura.clark154@icloud.com,sakuracla154,f0f3e48732b78498f8184c0f848677df155e6e71aa16722650447e654511abb1,Sakura,Clark,1988-08-11,Ireland,2020-11-03 15:35:17,False
155,wei.moore155@gmail.com,weimoo707,a7200b31eeb58d8750480cf6bb58773ea94419b7d15e4c6fa63ead0f31d58388,Wei,Moore,1979-09-30,Sweden,2023-10-13 14:55:34,True
156,isaac.miller156@hotmail.com,isaacmil558,be195fa37fdcb899887cab07f8e580a15f91a9faaa95297ca3217b103bcae285,Isaac,Miller,1972-09-19,India,2022-05-07 03:12:41,True
157,amelia.wang157@outlook.com,ameliawan157,a330d64954e86d7bff4308548189dbebd937ad3fabc7d5ca4c9d7d9ec8ecb3f9,Amelia,Wang,1998-10-14,Ireland,2025-01-29 06:25:47,True
158,william.patel158@hotmail.com,williampat158,f31981caff7a925921ebfc00b5f1fc9355dc455504a86e3d85ea624dda77c097,William,Patel,2005-04-20,Switzerland,2021-09-29 13:14:12,True
159,aiden.nguyen159@yahoo.com,aidenngu159,9be4dafaba88c5ac0c4109813438a86aa5fc2e0336d6b06739b1806f322e067c,Aiden,Nguyen,1984-09-27,Poland,2021-04-03 10:26:12,True
160,grace.wang160@yahoo.com,gracewan_fan,4b186aeeafafbe519e8dc8252785bee2569109e6fa42d10e3243a174dead5949,Grace,Wang,1981-03-30,France,2020-12-07 12:42:08,True
161,ethan.smith161@hotmail.com,ethansmi161,05b06265bf413273a8f8e46f81550618e6fa3c2576d098c49000a77acd180649,Ethan,Smith,1996-05-31,Brazil,2020-02-19 00:43:22,True
162,scarlett.brown162@yahoo.com,scarlettbro_music,1d5e797982553235906bb2798d893d390297ac13109f5183467e7f6532562087,Scarlett,Brown,1993-08-07,Australia,2020-07-16 11:13:50,False
163,fatima.roberts163@hotmail.com,fatimarob_fan,3799dc1c28c7ab7e57696aa15c6415615bbafb33ecd9a184c68fa88a6c6d2e77,Fatima,Roberts,1974-11-22,Sweden,2024-04-14 08:56:09,True
164,ava.campbell164@icloud.com,avacam_music,47ff280e0bd430c979d828dd3a5a07749603b73233c5f0f418d6364b1431412f,Ava,Campbell,1998-11-10,United States,2020-07-07 23:28:14,False
165,priya.ramirez165@gmail.com,priyaram_music,76be687ec273bc118d1e04a262aba9317d4e1bec72ce347625bab8826b80c62f,Priya,Ramirez,1973-04-19,Canada,2022-09-27 18:23:53,True
166,oliver.rodriguez166@hotmail.com,oliverrod_fan,4bd56a2f187ee54db088bdcbc7e573152d8be76de702da40f98400344da74f45,Oliver,Rodriguez,1994-08-07,Singapore,2022-10-07 07:35:03,False
167,carmen.jackson167@outlook.com,carmenjac_fan,00cb62e42b8f2bbbf028ae9b3dee3ec4a9d4dfa8b87f1b0535f642eb3d40990f,Carmen,Jackson,1989-04-19,Australia,2025-12-20 08:27:58,True
168,sofia.ramirez168@outlook.com,sofiaram168,b82965828f5f2a8db739200213da6d77176ca8ec5dfcfb66d7ee3004dc9fc200,Sofia,Ramirez,1988-07-24,Brazil,2023-11-09 23:19:44,False
169,yuki.campbell169@gmail.com,yukicam_music,9c7db31d09b8f1c9402e6a2c8c3d08a469425475d2fc6d80f8698061dae73d92,Yuki,Campbell,1984-01-08,New Zealand,2022-03-02 21:57:38,True
170,evelyn.baker170@outlook.com,evelynbak,0949bd843003e28c2714d7404dc0177b607e5ed5e9c6273cb9fc4cd8fed8abbe,Evelyn,Baker,2007-04-24,Canada,2020-10-16 15:44:24,False
171,lucas.mitchell171@hotmail.com,lucasmit171,e8470f49144e6d553cc6bc356fddd807a334b6ecced4b85f6846159dfe843af3,Lucas,Mitchell,1994-12-16,United Kingdom,2024-12-27 02:00:20,True
172,amelia.clark172@hotmail.com,ameliacla_music,5594588b81cd367e90ca5e4d6d882fa61f32badb098ee1ad557e1a7b57f17257,Amelia,Clark,2008-12-09,Portugal,2020-06-08 20:05:50,True
173,victoria.thompson173@gmail.com,victoriatho_fan,64dd501b7c8f70c466a854f0c905f6fbb96af29015b4e1c5d02df40c2ae84792,Victoria,Thompson,1979-07-18,Germany,2025-08-02 09:48:28,False
174,owen.wang174@gmail.com,owenwan_fan,fac7bb2af1d3028c0f5b71e22fc2c54c84eef25dde1d81bcde02127921ffe58a,Owen,Wang,1986-06-28,Australia,2022-05-15 11:33:05,True
175,carlos.wang175@icloud.com,carloswan_fan,c67600c5faaad96fd06fe335beaf9d16d9bbc134b31ddbf2481ed320180c576a,Carlos,Wang,1997-07-10,New Zealand,2025-06-19 19:07:22,True
176,nathan.johnson176@yahoo.com,nathanjoh280,72d3f89ba93cb1e40a5811d2b6605bbd59d95bb046715f15ba8c1fc26219b4ce,Nathan,Johnson,1985-03-30,Mexico,2020-01-19 23:16:50,True
177,alexander.torres177@outlook.com,alexandertor177,3c378c9caf6bceb6cef4e8f0be4d0ed21f1abb2da4055540237b396ca22736ef,Alexander,Torres,2003-03-29,Ireland,2020-04-05 05:57:32,True
178,carmen.wilson178@outlook.com,carmenwil_music,1d708582f753c5849445355e276afb64f5c1c309f23979d59c665f49fe13f9f0,Carmen,Wilson,1985-04-17,France,2023-02-23 17:09:30,True
179,riley.roberts179@icloud.com,rileyrob,73bb8336af345d3f003b2c7cfeab3c5708bd33a141125fa50936ff28601a63ce,Riley,Roberts,1972-05-11,Germany,2021-05-04 01:19:57,True
180,elijah.moore180@outlook.com,elijahmoo_music,cddd0f946a214cce0bc200f9ec0b46936ed483e87acfbe505a2dfec0ad9cf27b,Elijah,Moore,1991-10-15,Austria,2023-10-05 09:12:12,False
181,nathan.wilson181@icloud.com,nathanwil117,db6fddcae96fed748492477e226594b3d7cbc091b2901cbdb496258f6017a8da,Nathan,Wilson,1989-04-14,Australia,2022-05-30 00:23:15,False
182,carmen.nelson182@hotmail.com,carmennel182,60f456aa7b7093a0e31ad9c559bcedbedb5443e2effffbe4a30c7b1a91ca6202,Carmen,Nelson,1987-09-24,Austria,2020-06-19 04:50:20,True
183,aiden.martin183@yahoo.com,aidenmar183,d45c7de35a59d9145ea3fcc4a3b6e2a6aa6abe00f97ae843e32a554666ab3c2b,Aiden,Martin,2004-04-12,Japan,2022-06-18 06:44:32,True
184,amelia.smith184@outlook.com,ameliasmi_music,4c30e7c4e70dd93bca87a16d9a09f7116aa0789037af27be7bc36b5927fe2f09,Amelia,Smith,1977-11-18,Germany,2023-03-27 06:19:18,True
185,giovanni.scott185@hotmail.com,giovannisco_music,815de4ef06543a0622dc70a859e50c52fa0f15bfc27da1d87c399dd077960bf0,Giovanni,Scott,2008-08-28,Portugal,2020-05-11 10:17:07,False
186,liam.robinson186@gmail.com,liamrob883,b152fb0e61d328daa53519014576921b2bb7fca49bab8f6866f54cd950c9fccc,Liam,Robinson,1995-10-30,Netherlands,2024-11-16 11:46:45,False
187,yuki.jackson187@gmail.com,yukijac,58952757fe382ed8fbf8dfa0ddeba6a7d9a46c67a442678658962661215886c0,Yuki,Jackson,1984-07-27,France,2025-04-04 10:45:36,False
188,isaac.garcia188@outlook.com,isaacgar,1abe2e185971bb5ff83d5bcf730934bd29b8f94ca0cce14cf06755122a5f4f7e,Isaac,Garcia,1980-11-30,Netherlands,2025-01-03 13:25:33,False
189,carmen.garcia189@outlook.com,carmengar892,9950f5f8048174b5ff67e58193c5b2deb271dc7b4253f13bf64667017b769b83,Carmen,Garcia,2003-06-16,Brazil,2021-11-19 09:36:36,True
190,abigail.jones190@icloud.com,abigailjon,2ff69ea5a11144909b394342ed5f6cf5e73e062315bac91bc77a00605ed3bcf2,Abigail,Jones,1993-10-20,Denmark,2021-08-25 10:30:28,True
191,anthony.campbell191@yahoo.com,anthonycam,2643c17cade533e41409cbd5ada38df3b5490f14c54a53841e21e0113bb2c6c7,Anthony,Campbell,1976-07-27,Japan,2021-09-04 21:39:06,True
192,evelyn.carter192@gmail.com,evelyncar_music,40d0cf3b61304e0ac3d5c3be5e10586912aa9a5c4d8abc8e4045c7b60ee59885,Evelyn,Carter,1990-10-24,Poland,2024-10-17 11:09:50,False
193,riley.kim193@hotmail.com,rileykim_music,a30ce92dc2ed0edc9480b4e7978d63f9bbbf165fe4f99d5d73740c823cc605d7,Riley,Kim,1973-01-23,Norway,2023-10-05 21:25:22,True
194,grace.nguyen194@gmail.com,gracengu_fan,b76a25ba350dc599b72e66a4bff6ce4ddb55c9d78468794e22ce4cccce78d41b,Grace,Nguyen,1973-04-30,South Korea,2023-12-05 14:00:54,False
195,noah.brown195@hotmail.com,noahbro852,d01be9a8818019da9b962035f3de9e6aa1ec1b15c96a9044508a5cd2bd226286,Noah,Brown,1973-06-11,Ireland,2020-10-07 12:59:43,False
196,natasha.nguyen196@icloud.com,natashangu,5d3823fd47d5bebae10bb00fdf568b06ab81487581366b88ae2967e06d029b92,Natasha,Nguyen,1990-03-05,Switzerland,2025-07-18 04:31:25,True
197,riley.hill197@outlook.com,rileyhil197,e59e709de894de8d95bdf84f83f341778058a99dc3f147e5027fd4047b66742a,Riley,Hill,1972-10-10,Sweden,2020-11-17 13:39:33,True
198,elijah.allen198@yahoo.com,elijahall198,ac865eea92919e90a7b00df59f08ecb59bb4efa29f175059f0338df27c775b6e,Elijah,Allen,2001-09-28,Sweden,2023-09-27 05:39:49,True
199,isaac.white199@hotmail.com,isaacwhi_music,a33445c8fe65518e988b1df0fa190de986b4f8428e077ebc645e70804e27d39c,Isaac,White,2004-09-27,Brazil,2025-10-10 06:16:58,True
200,gabriel.jones200@hotmail.com,gabrieljon_fan,e9a598c9884b2b4cc953d634b504b80692a42abbfda07e11f695582d58b04d1b,Gabriel,Jones,2000-06-06,India,2022-06-01 19:32:03,True
